id,parent_id,depth,creation_step,i,r,is_infected,edge_len,absolute_x
0,-1,0,0,0,0.0335301,0,0,0
1,0,1,0,0,0,0,1,1
2,1,2,0,0,0,0,1,2
3,2,3,0,0,0,0,1,3
4,3,4,0,0,0,0,1,4
5,4,5,0,0,0,0,1,5
6,5,6,0,0,0,0,1,6
7,6,7,0,0,0,0,1,7
8,7,8,0,0,0,0,1,8
9,8,9,0,0,0,0,1,9
10,9,10,0,0,0,0,1,10
11,10,11,0,0,0,0,1,11
12,11,12,0,0,0.00411107,0,1,12
13,12,13,3,0,0.000226914,0,0.736089,12.7361
14,12,13,8,0,0.00815185,0,1.36502,13.365
15,14,14,131,0,0.000282313,0,0.924555,14.2896
16,14,14,134,0,0.00134611,0,1.04285,14.4079
17,13,14,217,0,9.64346e-06,0,1.27688,14.013
18,13,14,219,0,3.07321e-06,0,1.06264,13.7987
19,16,15,270,0,0.00820819,0,1.37371,15.7816
20,16,15,279,0,0.00105773,0,1.19561,15.6035
21,19,16,424,0,0.00882107,0,1.47373,17.2553
22,19,16,428,0,0.000378208,0,0.787762,16.5693
23,20,16,463,0,0.000230966,0,1.39323,16.9967
24,20,16,465,0,4.10815e-06,0,0.833062,16.4365
25,21,17,525,0,0.00238711,0,1.10114,18.3565
26,21,17,527,0,0.00273601,0,1.3203,18.5756
27,22,17,566,0,2.57748e-05,0,1.34205,17.9114
28,22,17,573,0,4.4098e-08,0,0.740385,17.3097
29,25,18,629,0,0.0119231,0,1.43951,19.796
30,26,18,644,0,0.000262134,0,0.783055,19.3587
31,25,18,649,0,0.000114797,0,0.891887,19.2483
32,26,18,655,0,9.17889e-05,0,0.69564,19.2712
33,29,19,761,0,0.00438601,0,1.11769,20.9137
34,29,19,763,0,0.00050869,0,0.82854,20.6245
35,33,20,917,0,0.00936024,0,1.20864,22.1223
36,33,20,923,0,0.00511963,0,1.27869,22.1924
37,35,21,1067,0,0.00573698,0,1.2862,23.4085
38,35,21,1071,0,0.00362927,0,1.04015,23.1624
39,36,21,1097,0,6.63928e-05,0,0.665943,22.8583
40,36,21,1099,0,0.000845869,0,1.24632,23.4387
41,38,22,1199,0,0.00135707,0,1.09837,24.2608
42,38,22,1205,0,0.000857848,0,1.17159,24.334
43,37,22,1210,0,0.000918884,0,0.980034,24.3885
44,37,22,1215,0,0.0106373,0,1.32311,24.7316
45,40,22,1329,0,3.64087e-05,0,1.20941,24.6481
46,40,22,1330,0,0.000178908,0,1.22353,24.6622
47,44,23,1348,0,0.000889253,0,0.753341,25.485
48,44,23,1350,0,0.000798218,0,0.843451,25.5751
49,41,23,1388,0,0.0141921,0,1.35111,25.6119
50,41,23,1398,0,0.000239299,0,0.967981,25.2288
51,43,23,1414,0,9.99397e-06,0,0.763785,25.1523
52,43,23,1418,0,0.000283471,0,1.21934,25.6079
53,42,23,1425,0,1.43924e-07,0,0.627821,24.9619
54,42,23,1434,0,3.86825e-05,0,0.710256,25.0443
55,49,24,1548,0,0.0019413,0,0.775482,26.3874
56,49,24,1556,0,0.000484492,0,0.682171,26.2941
57,47,24,1570,0,1.79127e-05,0,0.890373,26.3753
58,47,24,1573,0,0.00951644,0,1.44885,26.9338
59,55,25,1763,0,0.00217981,0,1.1856,27.573
60,55,25,1765,0,1.05676e-05,0,0.509636,26.897
61,58,25,1768,0,0.00470371,0,1.14604,28.0798
62,58,25,1769,0,0.00868634,0,1.08667,28.0205
63,62,26,1893,0,0.000166398,0,0.673726,28.6942
64,62,26,1897,0,0.000267962,0,0.666702,28.6872
65,61,26,1920,0,0.000479865,0,0.802058,28.8819
66,61,26,1923,0,0.00891484,0,1.31276,29.3926
67,59,26,1957,0,0.00556364,0,0.65874,28.2317
68,59,26,1961,0,0.00841033,0,0.954526,28.5275
69,66,27,2078,0,0.00124595,0,0.572682,29.9653
70,66,27,2084,0,0.000715922,0,0.511772,29.9044
71,67,27,2167,0,0.0415062,0,1.34277,29.5745
72,67,27,2170,0,8.52952e-05,0,0.555723,28.7875
73,68,27,2180,0,9.38731e-05,0,0.605739,29.1333
74,68,27,2181,0,6.77968e-05,0,0.523741,29.0513
75,71,28,2309,0,0.0246032,0,1.42836,31.0029
76,71,28,2319,0,0.0041529,0,1.3247,30.8992
77,75,29,2395,0,0.0146422,0,1.36442,32.3673
78,75,29,2398,0,0.000312586,0,0.722037,31.7249
79,76,29,2421,0,0.00144797,0,1.44206,32.3413
80,76,29,2432,0,5.1088e-05,0,0.666049,31.5653
81,77,30,2541,0,0.00596203,0,1.14323,33.5105
82,77,30,2543,0,0.0411125,0,1.35229,33.7196
83,82,31,2689,0,0.010475,0,1.14035,34.8599
84,82,31,2690,0,0.00129708,0,0.690831,34.4104
85,79,30,2722,0,1.17149e-05,0,1.09129,33.4326
86,81,31,2726,0,0.00564486,0,1.34124,34.8518
87,81,31,2729,0,0.00191528,0,1.32542,34.8359
88,79,30,2751,0,3.55926e-06,0,0.6861,33.0274
89,83,32,2816,0,0.0334781,0,1.45559,36.3155
90,83,32,2817,0,0.00648062,0,1.0063,35.8662
91,86,32,2878,0,0.000406267,0,0.824755,35.6765
92,86,32,2879,0,0.000415885,0,0.580094,35.4319
93,89,33,3022,0,0.0439198,0,1.37862,37.6942
94,89,33,3023,0,0.00786852,0,1.22034,37.5359
95,90,33,3029,0,0.000773815,0,1.0227,36.8889
96,90,33,3034,0,9.96271e-05,0,0.514105,36.3803
97,93,34,3139,0,0.0181147,0,1.30708,39.0012
98,93,34,3150,0,0.000297863,0,0.540613,38.2348
99,94,34,3170,0,0.00112887,0,1.1534,38.6893
100,94,34,3172,0,0.000352178,0,0.934194,38.4701
101,97,35,3286,0,0.0416473,0,1.27725,40.2785
102,97,35,3288,0,0.025663,0,1.29311,40.2943
103,101,36,3429,0,0.0397159,0,1.42994,41.7084
104,101,36,3431,0,0.000801863,0,0.534177,40.8127
105,102,36,3448,0,0.000315697,0,0.718844,41.0132
106,102,36,3450,0,0.001525,0,1.07435,41.3687
107,103,37,3546,0,0.00246049,0,0.895738,42.6042
108,103,37,3548,0,0.0595268,0,1.45574,43.1642
109,108,38,3693,0,0.00469642,0,0.719094,43.8833
110,108,38,3699,0,0.0259479,0,1.17649,44.3407
111,110,39,3855,0,0.00619071,0,0.778984,45.1196
112,110,39,3858,0,0.001971,0,0.543708,44.8844
113,109,39,3875,0,0.041216,0,1.44864,45.3319
114,109,39,3881,0,6.3485e-05,0,0.545457,44.4287
115,113,40,4070,0,0.0634169,0,1.37933,46.7112
116,113,40,4071,0,0.0126682,0,1.1821,46.514
117,111,40,4108,0,0.000748876,0,0.980816,46.1005
118,111,40,4109,0,0.00129557,0,1.03519,46.1548
119,115,41,4220,0,0.00131291,0,0.648999,47.3602
120,115,41,4222,0,0.0493928,0,1.31171,48.0229
121,116,41,4246,0,0.000587239,0,0.699943,47.2139
122,116,41,4247,0,0.000532115,0,0.872563,47.3866
123,120,42,4331,0,0.0228731,0,1.04988,49.0728
124,120,42,4341,0,0.00172967,0,0.583346,48.6063
125,123,43,4530,0,0.00827016,0,0.963705,50.0365
126,123,43,4531,3.10991e-06,0.100655,1,1.40596,50.4788
127,126,44,4673,1.79831e-06,0.00238775,1,0.579494,51.0583
128,126,44,4675,0.000118633,0.0136369,1,1.25177,51.7305
129,125,44,4711,3.41797e-06,0.000355082,1,1.21561,51.2521
130,125,44,4717,6e-08,0.000110016,1,0.578887,50.6154
131,128,45,4805,4.72657e-06,0.000115563,1,0.775341,52.5059
132,128,45,4819,0.000265433,0.00373255,1,1.4752,53.2057
133,132,46,4953,1.2105e-06,6.96126e-06,1,1.35317,54.5589
134,132,46,4954,1.80614e-06,1.12567e-05,1,1.35859,54.5643
