step,total_i
1,0.000101801
2,0.000103632
3,0.000105493
4,0.000107375
5,0.000109297
6,0.00011124
7,0.000113225
8,0.000115242
9,0.000117292
10,0.000119374
11,0.000121509
12,0.000123647
13,0.00012584
14,0.000128076
15,0.000130377
16,0.00013268
17,0.000135049
18,0.000137474
19,0.000139881
20,0.000142326
21,0.000144808
22,0.000147328
23,0.000149887
24,0.000152485
25,0.000155122
26,0.0001578
27,0.000160517
28,0.000163275
29,0.000166075
30,0.000168916
31,0.000171799
32,0.000174724
33,0.000177692
34,0.000180702
35,0.000183756
36,0.000186853
37,0.000189994
38,0.00019318
39,0.00019641
40,0.000199685
41,0.000203006
42,0.000206371
43,0.000209783
44,0.000213241
45,0.000216745
46,0.000220297
47,0.000223896
48,0.000227542
49,0.000231235
50,0.000234976
51,0.000238765
52,0.000242601
53,0.000246486
54,0.000250419
55,0.000254401
56,0.000258431
57,0.00026251
58,0.000266637
59,0.000270813
60,0.000275038
61,0.000279312
62,0.000283635
63,0.000288007
64,0.000292427
65,0.000296897
66,0.000301416
67,0.000305984
68,0.000310601
69,0.000315267
70,0.000319981
71,0.000324744
72,0.000329555
73,0.000334415
74,0.000339323
75,0.000344278
76,0.00034928
77,0.000354329
78,0.000359425
79,0.000364568
80,0.000369756
81,0.00037499
82,0.00038027
83,0.000385594
84,0.000390963
85,0.000396375
86,0.000401831
87,0.000407329
88,0.00041287
89,0.000418452
90,0.000424076
91,0.00042974
92,0.000435446
93,0.000441191
94,0.000446974
95,0.000452795
96,0.000458654
97,0.000464548
98,0.000470478
99,0.000476443
100,0.000482443
101,0.000488477
102,0.000494544
103,0.000500643
104,0.000506774
105,0.000512935
106,0.000519126
107,0.000525347
108,0.000531595
109,0.000537871
110,0.000544174
111,0.000550504
112,0.000556858
113,0.000563237
114,0.00056964
115,0.000576067
116,0.000582516
117,0.000588987
118,0.00059548
119,0.000601994
120,0.000608529
121,0.000615082
122,0.000621655
123,0.000628247
124,0.000634858
125,0.000641487
126,0.000648134
127,0.000654797
128,0.000661477
129,0.000668174
130,0.000674887
131,0.000681618
132,0.000688354
133,0.000695116
134,0.000701896
135,0.000708692
136,0.000715506
137,0.000722317
138,0.000729166
139,0.000736014
140,0.0007429
141,0.000749806
142,0.000756722
143,0.000763669
144,0.00077064
145,0.000777634
146,0.000784654
147,0.00079171
148,0.000798794
149,0.000805917
150,0.000813061
151,0.000820238
152,0.000827418
153,0.000834644
154,0.000841929
155,0.000849254
156,0.000856617
157,0.000864024
158,0.000871488
159,0.000878982
160,0.000886538
161,0.000894128
162,0.000901796
163,0.000909524
164,0.000917307
165,0.000925166
166,0.000933094
167,0.000941095
168,0.000949181
169,0.000957335
170,0.000965551
171,0.000973851
172,0.00098226
173,0.000990759
174,0.000999352
175,0.00100803
176,0.00101683
177,0.00102571
178,0.00103473
179,0.00104385
180,0.00105307
181,0.00106241
182,0.00107187
183,0.00108145
184,0.00109116
185,0.00110099
186,0.00111094
187,0.00112103
188,0.00113125
189,0.0011416
190,0.00115208
191,0.0011627
192,0.00117345
193,0.00118433
194,0.00119536
195,0.00120651
196,0.0012178
197,0.00122922
198,0.00124078
199,0.00125246
200,0.00126427
201,0.0012762
202,0.00128825
203,0.00130041
204,0.00131269
205,0.00132508
206,0.00133757
207,0.00135015
208,0.00136282
209,0.00137557
210,0.00138839
211,0.00140129
212,0.00141423
213,0.00142723
214,0.00144026
215,0.00145332
216,0.00146639
217,0.00147946
218,0.00149252
219,0.00150556
220,0.00151857
221,0.00153153
222,0.00154441
223,0.00155722
224,0.00156996
225,0.00158257
226,0.00159504
227,0.00160736
228,0.00161955
229,0.00163155
230,0.00164334
231,0.00165495
232,0.00166628
233,0.00167735
234,0.00168814
235,0.00169864
236,0.00170883
237,0.00171868
238,0.00172819
239,0.00173732
240,0.00174606
241,0.0017544
242,0.00176231
243,0.00176977
244,0.00177678
245,0.00178331
246,0.00178934
247,0.00179487
248,0.00179988
249,0.00180434
250,0.00180826
251,0.00181161
252,0.00181439
253,0.00181658
254,0.00181818
255,0.00181918
256,0.00181956
257,0.00181933
258,0.00181847
259,0.00181698
260,0.00181486
261,0.00181211
262,0.00180872
263,0.0018047
264,0.00180005
265,0.00179476
266,0.00178886
267,0.00178233
268,0.00177519
269,0.00176744
270,0.00175909
271,0.00175018
272,0.00174065
273,0.00173056
274,0.00171993
275,0.00170877
276,0.00169709
277,0.00168488
278,0.00167218
279,0.00165899
280,0.00164536
281,0.00163126
282,0.00161675
283,0.00160184
284,0.00158655
285,0.00157087
286,0.00155486
287,0.00153849
288,0.00152183
289,0.0015049
290,0.00148765
291,0.0014702
292,0.00145251
293,0.00143467
294,0.0014166
295,0.00139836
296,0.00137998
297,0.00136147
298,0.00134285
299,0.00132415
300,0.00130538
301,0.00128656
302,0.0012677
303,0.00124883
304,0.00122996
305,0.00121111
306,0.00119229
307,0.00117352
308,0.00115482
309,0.00113619
310,0.00111765
311,0.00109922
312,0.0010809
313,0.00106271
314,0.00104465
315,0.00102675
316,0.001009
317,0.000991429
318,0.000974032
319,0.000956819
320,0.000939799
321,0.00092298
322,0.000906366
323,0.000889965
324,0.00087378
325,0.000857819
326,0.000842086
327,0.000826583
328,0.000811317
329,0.000796288
330,0.0007815
331,0.000766957
332,0.000752658
333,0.000738606
334,0.000724802
335,0.000711247
336,0.000697943
337,0.000684887
338,0.000672082
339,0.000659525
340,0.000647218
341,0.000635159
342,0.000623347
343,0.00061178
344,0.000600457
345,0.000589377
346,0.000578537
347,0.000567935
348,0.00055757
349,0.000547438
350,0.000537538
351,0.000527867
352,0.000518422
353,0.000509201
354,0.000500199
355,0.000491416
356,0.000482847
357,0.00047449
358,0.000466342
359,0.0004584
360,0.000450659
361,0.000443118
362,0.000435774
363,0.000428623
364,0.000421661
365,0.000414887
366,0.000408296
367,0.000401886
368,0.000395653
369,0.000389594
370,0.000383707
371,0.000377988
372,0.000372435
373,0.000367043
374,0.000361811
375,0.000356735
376,0.000351814
377,0.000347043
378,0.000342422
379,0.000337947
380,0.000333615
381,0.000329425
382,0.000325373
383,0.000321458
384,0.000317676
385,0.000314027
386,0.000310507
387,0.000307115
388,0.000303852
389,0.000300714
390,0.000297718
391,0.000294812
392,0.000292025
393,0.000289377
394,0.00028682
395,0.000284377
396,0.000282059
397,0.000279839
398,0.000277673
399,0.000275658
400,0.00027378
401,0.000271999
402,0.000270313
403,0.000268722
404,0.000267255
405,0.000265891
406,0.000264629
407,0.000263469
408,0.000262411
409,0.000261454
410,0.000260597
411,0.000259842
412,0.000259187
413,0.000258594
414,0.000258146
415,0.000257797
416,0.000257539
417,0.000257352
418,0.000257307
419,0.000257363
420,0.000257531
421,0.000257822
422,0.000258217
423,0.000258656
424,0.00025927
425,0.00025991
426,0.000260697
427,0.000261632
428,0.000262646
429,0.000263741
430,0.000264997
431,0.000266415
432,0.000267927
433,0.000269497
434,0.000271266
435,0.000273127
436,0.000275069
437,0.000277135
438,0.000279328
439,0.000281651
440,0.000284106
441,0.000286694
442,0.000289418
443,0.000292282
444,0.000295231
445,0.000298385
446,0.000301664
447,0.000305122
448,0.000308732
449,0.000312496
450,0.000316378
451,0.00032043
452,0.000324666
453,0.000329068
454,0.000333641
455,0.000338388
456,0.000343311
457,0.000348416
458,0.000353704
459,0.000359181
460,0.000364847
461,0.000370709
462,0.000376768
463,0.00038303
464,0.000389488
465,0.000396154
466,0.000403054
467,0.000410141
468,0.000417469
469,0.000425011
470,0.000432781
471,0.000440802
472,0.00044906
473,0.000457528
474,0.00046628
475,0.000475239
476,0.0004845
477,0.000494016
478,0.000503766
479,0.000513778
480,0.000524046
481,0.000534592
482,0.000545421
483,0.000556494
484,0.000567856
485,0.000579509
486,0.000591446
487,0.00060367
488,0.000616182
489,0.000628984
490,0.00064208
491,0.00065547
492,0.000669145
493,0.000683128
494,0.000697409
495,0.000711988
496,0.000726866
497,0.000742043
498,0.000757518
499,0.00077331
500,0.000789388
501,0.00080575
502,0.000822385
503,0.000839329
504,0.00085655
505,0.000874065
506,0.000891879
507,0.000909919
508,0.000928249
509,0.000946854
510,0.000965717
511,0.000984843
512,0.00100419
513,0.00102379
514,0.00104362
515,0.00106367
516,0.00108391
517,0.00110436
518,0.00112499
519,0.00114582
520,0.0011668
521,0.00118794
522,0.00120921
523,0.00123066
524,0.00125218
525,0.00127381
526,0.0012955
527,0.00131723
528,0.00133902
529,0.00136084
530,0.00138271
531,0.00140461
532,0.00142642
533,0.00144821
534,0.00146996
535,0.0014916
536,0.00151314
537,0.00153454
538,0.00155583
539,0.00157697
540,0.0015979
541,0.00161862
542,0.00163912
543,0.00165935
544,0.00167935
545,0.00169902
546,0.00171838
547,0.00173745
548,0.00175618
549,0.00177456
550,0.00179256
551,0.00181016
552,0.00182736
553,0.00184413
554,0.00186044
555,0.00187632
556,0.00189171
557,0.00190663
558,0.00192105
559,0.001935
560,0.00194845
561,0.00196133
562,0.00197368
563,0.0019855
564,0.00199677
565,0.00200758
566,0.00201776
567,0.00202738
568,0.00203646
569,0.00204499
570,0.00205298
571,0.0020604
572,0.00206732
573,0.00207374
574,0.00207955
575,0.00208486
576,0.00208967
577,0.00209395
578,0.00209772
579,0.002101
580,0.00210379
581,0.00210611
582,0.00210797
583,0.00210936
584,0.00211035
585,0.00211093
586,0.00211107
587,0.00211078
588,0.00211011
589,0.00210904
590,0.00210761
591,0.00210589
592,0.00210374
593,0.0021013
594,0.00209857
595,0.0020955
596,0.00209215
597,0.00208853
598,0.00208463
599,0.0020805
600,0.00207608
601,0.00207144
602,0.00206656
603,0.00206146
604,0.00205613
605,0.00205058
606,0.00204483
607,0.00203887
608,0.00203271
609,0.00202636
610,0.00201981
611,0.00201308
612,0.00200615
613,0.00199905
614,0.00199175
615,0.00198428
616,0.00197663
617,0.0019688
618,0.00196077
619,0.00195263
620,0.00194423
621,0.00193565
622,0.0019269
623,0.00191794
624,0.00190883
625,0.0018995
626,0.00188998
627,0.0018803
628,0.00187045
629,0.00186035
630,0.0018501
631,0.00183965
632,0.00182902
633,0.00181819
634,0.00180717
635,0.00179599
636,0.00178461
637,0.00177309
638,0.0017613
639,0.00174929
640,0.00173714
641,0.00172481
642,0.0017123
643,0.00169964
644,0.00168676
645,0.00167376
646,0.00166063
647,0.00164735
648,0.00163395
649,0.00162037
650,0.00160668
651,0.00159285
652,0.00157888
653,0.00156484
654,0.00155069
655,0.00153644
656,0.00152209
657,0.00150769
658,0.00149317
659,0.00147864
660,0.00146402
661,0.00144939
662,0.00143475
663,0.00142007
664,0.00140538
665,0.00139066
666,0.00137597
667,0.00136128
668,0.00134661
669,0.00133196
670,0.00131742
671,0.00130294
672,0.00128846
673,0.00127405
674,0.00125971
675,0.00124547
676,0.00123131
677,0.00121725
678,0.0012033
679,0.00118946
680,0.00117574
681,0.00116216
682,0.0011487
683,0.00113539
684,0.00112222
685,0.0011092
686,0.00109634
687,0.00108363
688,0.0010711
689,0.00105873
690,0.00104653
691,0.00103451
692,0.00102267
693,0.00101101
694,0.00099954
695,0.000988254
696,0.000977158
697,0.000966252
698,0.000955538
699,0.000945018
700,0.000934691
701,0.000924559
702,0.000914622
703,0.000904881
704,0.000895335
705,0.000885983
706,0.000876825
707,0.000867861
708,0.000859089
709,0.000850508
710,0.000842121
711,0.000833873
712,0.000825901
713,0.000818065
714,0.000810401
715,0.000802939
716,0.000795725
717,0.000788613
718,0.000781676
719,0.00077491
720,0.000768315
721,0.000761931
722,0.000755664
723,0.000749573
724,0.000743627
725,0.000737839
726,0.000732244
727,0.000726759
728,0.000721408
729,0.000716204
730,0.000711162
731,0.000706265
732,0.000701508
733,0.000696846
734,0.000692355
735,0.000688013
736,0.000683765
737,0.000679631
738,0.000675618
739,0.000671763
740,0.000668008
741,0.000664306
742,0.000660775
743,0.000657362
744,0.00065402
745,0.000650782
746,0.000647655
747,0.000644629
748,0.000641704
749,0.000638856
750,0.000636081
751,0.000633449
752,0.000630886
753,0.000628402
754,0.000626016
755,0.000623726
756,0.000621531
757,0.000619409
758,0.000617381
759,0.00061542
760,0.000613529
761,0.000611675
762,0.000609951
763,0.000608323
764,0.000606731
765,0.000605236
766,0.000603877
767,0.000602542
768,0.000601314
769,0.00060007
770,0.000598921
771,0.000597857
772,0.000596887
773,0.000595994
774,0.000595187
775,0.000594455
776,0.000593803
777,0.000593224
778,0.000592724
779,0.000592266
780,0.000591915
781,0.000591654
782,0.000591463
783,0.000591334
784,0.000591327
785,0.000591393
786,0.000591533
787,0.000591769
788,0.000592081
789,0.000592482
790,0.000592972
791,0.000593573
792,0.000594246
793,0.000595013
794,0.000595906
795,0.000596885
796,0.000597993
797,0.00059916
798,0.000600405
799,0.000601783
800,0.000603286
801,0.000604857
802,0.000606555
803,0.000608325
804,0.000610257
805,0.000612282
806,0.000614433
807,0.000616701
808,0.000619078
809,0.000621606
810,0.000624255
811,0.000627009
812,0.000629929
813,0.000632942
814,0.000636085
815,0.000639359
816,0.000642765
817,0.000646304
818,0.000649978
819,0.000653789
820,0.000657738
821,0.000661827
822,0.000666055
823,0.000670424
824,0.000674935
825,0.000679589
826,0.000684386
827,0.000689328
828,0.000694414
829,0.000699644
830,0.000705019
831,0.000710538
832,0.000716202
833,0.000722011
834,0.000727963
835,0.000734058
836,0.000740296
837,0.000746676
838,0.000753196
839,0.000759855
840,0.000766651
841,0.000773583
842,0.000780648
843,0.000787845
844,0.000795172
845,0.000802625
846,0.000810177
847,0.000817889
848,0.000825688
849,0.00083363
850,0.000841662
851,0.000849779
852,0.000858038
853,0.000866383
854,0.00087483
855,0.000883393
856,0.000892017
857,0.00090069
858,0.000909424
859,0.000918265
860,0.000927126
861,0.000936038
862,0.000944993
863,0.000954007
864,0.000963026
865,0.000972065
866,0.000981117
867,0.000990189
868,0.000999241
869,0.00100828
870,0.00101734
871,0.00102632
872,0.00103527
873,0.00104417
874,0.00105301
875,0.00106177
876,0.00107046
877,0.00107909
878,0.0010876
879,0.00109597
880,0.00110427
881,0.00111242
882,0.00112043
883,0.00112833
884,0.00113602
885,0.00114354
886,0.00115088
887,0.0011581
888,0.00116501
889,0.00117177
890,0.00117829
891,0.00118461
892,0.00119069
893,0.00119651
894,0.00120209
895,0.00120738
896,0.00121243
897,0.0012172
898,0.00122169
899,0.00122587
900,0.00122976
901,0.00123334
902,0.0012366
903,0.00123955
904,0.00124218
905,0.00124446
906,0.00124643
907,0.00124805
908,0.00124934
909,0.00125028
910,0.00125086
911,0.00125108
912,0.00125098
913,0.00125055
914,0.00124977
915,0.00124864
916,0.00124717
917,0.00124534
918,0.00124319
919,0.00124071
920,0.00123783
921,0.00123462
922,0.00123108
923,0.00122726
924,0.0012231
925,0.00121865
926,0.00121387
927,0.00120879
928,0.00120341
929,0.00119773
930,0.00119178
931,0.00118555
932,0.00117905
933,0.0011723
934,0.00116529
935,0.00115805
936,0.00115057
937,0.00114286
938,0.00113495
939,0.00112683
940,0.00111851
941,0.00111002
942,0.00110134
943,0.00109251
944,0.00108351
945,0.00107439
946,0.0010651
947,0.00105569
948,0.00104618
949,0.00103658
950,0.00102686
951,0.00101705
952,0.00100717
953,0.000997213
954,0.000987203
955,0.000977143
956,0.000967043
957,0.000956911
958,0.000946756
959,0.000936588
960,0.000926413
961,0.00091624
962,0.000906077
963,0.00089593
964,0.000885807
965,0.000875716
966,0.000865663
967,0.000855655
968,0.000845698
969,0.000835799
970,0.000825962
971,0.000816194
972,0.000806501
973,0.000796887
974,0.000787356
975,0.000777912
976,0.000768562
977,0.000759308
978,0.000750155
979,0.000741106
980,0.000732165
981,0.000723334
982,0.000714616
983,0.000706014
984,0.000697529
985,0.000689165
986,0.000680922
987,0.00067283
988,0.000664835
989,0.000656967
990,0.000649249
991,0.000641636
992,0.000634153
993,0.000626833
994,0.00061961
995,0.00061252
996,0.000605561
997,0.000598816
998,0.000592116
999,0.000585549
1000,0.000579114
1001,0.000572811
1002,0.000566639
1003,0.000560597
1004,0.000554685
1005,0.000548903
1006,0.000543273
1007,0.000537746
1008,0.000532345
1009,0.000527093
1010,0.000521941
1011,0.000516913
1012,0.000512049
1013,0.00050726
1014,0.000502592
1015,0.000498042
1016,0.000493611
1017,0.000489297
1018,0.000485063
1019,0.000480972
1020,0.000477032
1021,0.000473193
1022,0.000469372
1023,0.000465742
1024,0.000462181
1025,0.000458735
1026,0.000455372
1027,0.00045213
1028,0.00044901
1029,0.000445969
1030,0.000443045
1031,0.000440208
1032,0.000437475
1033,0.000434837
1034,0.000432292
1035,0.000429839
1036,0.000427476
1037,0.000425203
1038,0.000423018
1039,0.000420921
1040,0.000418911
1041,0.000416981
1042,0.000415157
1043,0.000413396
1044,0.000411772
1045,0.00041018
1046,0.000408671
1047,0.000407267
1048,0.00040595
1049,0.00040468
1050,0.000403489
1051,0.000402349
1052,0.000401312
1053,0.000400323
1054,0.000399425
1055,0.000398687
1056,0.000397982
1057,0.000397364
1058,0.000396783
1059,0.000396289
1060,0.000395873
1061,0.000395576
1062,0.000395324
1063,0.00039515
1064,0.000395055
1065,0.000395039
1066,0.000395102
1067,0.000395227
1068,0.000395464
1069,0.000395791
1070,0.000396189
1071,0.000396638
1072,0.00039721
1073,0.000397839
1074,0.000398571
1075,0.000399378
1076,0.000400241
1077,0.00040127
1078,0.000402303
1079,0.000403424
1080,0.000404636
1081,0.000405978
1082,0.000407433
1083,0.000409002
1084,0.000410615
1085,0.000412305
1086,0.000414123
1087,0.000416041
1088,0.000418038
1089,0.000420149
1090,0.000422382
1091,0.000424682
1092,0.000427108
1093,0.000429642
1094,0.000432288
1095,0.000435066
1096,0.000437968
1097,0.000440996
1098,0.000444107
1099,0.000447348
1100,0.0004507
1101,0.000454196
1102,0.000457798
1103,0.000461537
1104,0.000465396
1105,0.000469387
1106,0.00047351
1107,0.00047778
1108,0.000482186
1109,0.000486732
1110,0.000491409
1111,0.000496228
1112,0.000501203
1113,0.000506313
1114,0.000511581
1115,0.000516989
1116,0.000522558
1117,0.000528271
1118,0.000534138
1119,0.00054017
1120,0.00054637
1121,0.000552728
1122,0.000559236
1123,0.000565885
1124,0.000572727
1125,0.000579682
1126,0.000586842
1127,0.000594156
1128,0.000601655
1129,0.000609321
1130,0.000617112
1131,0.000625091
1132,0.000633235
1133,0.000641566
1134,0.000650053
1135,0.000658706
1136,0.000667563
1137,0.000676566
1138,0.000685717
1139,0.00069502
1140,0.000704493
1141,0.000714125
1142,0.000723905
1143,0.000733859
1144,0.000743977
1145,0.000754235
1146,0.000764599
1147,0.000775158
1148,0.000785847
1149,0.000796669
1150,0.000807623
1151,0.000818707
1152,0.000829914
1153,0.00084124
1154,0.000852681
1155,0.00086423
1156,0.000875882
1157,0.000887631
1158,0.000899471
1159,0.000911394
1160,0.000923393
1161,0.000935462
1162,0.000947593
1163,0.000959778
1164,0.000972008
1165,0.000984275
1166,0.000996571
1167,0.00100889
1168,0.00102121
1169,0.00103354
1170,0.00104586
1171,0.00105815
1172,0.00107042
1173,0.00108265
1174,0.00109483
1175,0.00110695
1176,0.00111899
1177,0.00113095
1178,0.00114282
1179,0.00115458
1180,0.00116622
1181,0.00117773
1182,0.0011891
1183,0.00120032
1184,0.00121138
1185,0.00122226
1186,0.00123296
1187,0.00124345
1188,0.00125374
1189,0.0012638
1190,0.00127363
1191,0.00128322
1192,0.00129256
1193,0.00130163
1194,0.00131044
1195,0.00131896
1196,0.00132719
1197,0.00133511
1198,0.00134273
1199,0.00135003
1200,0.00135702
1201,0.00136366
1202,0.00136996
1203,0.0013759
1204,0.00138148
1205,0.00138672
1206,0.00139159
1207,0.00139614
1208,0.00140029
1209,0.00140405
1210,0.00140746
1211,0.00141052
1212,0.00141318
1213,0.00141549
1214,0.00141742
1215,0.00141897
1216,0.00142012
1217,0.00142092
1218,0.00142134
1219,0.00142141
1220,0.00142112
1221,0.00142046
1222,0.00141942
1223,0.00141801
1224,0.00141628
1225,0.00141423
1226,0.00141186
1227,0.0014092
1228,0.00140615
1229,0.00140295
1230,0.00139932
1231,0.0013954
1232,0.0013912
1233,0.00138673
1234,0.001382
1235,0.00137701
1236,0.00137177
1237,0.00136631
1238,0.00136062
1239,0.00135472
1240,0.00134861
1241,0.00134232
1242,0.00133584
1243,0.0013292
1244,0.00132239
1245,0.00131544
1246,0.00130835
1247,0.00130113
1248,0.00129379
1249,0.00128635
1250,0.00127881
1251,0.00127118
1252,0.00126348
1253,0.00125571
1254,0.00124788
1255,0.00123998
1256,0.00123205
1257,0.0012241
1258,0.00121612
1259,0.00120813
1260,0.00120015
1261,0.00119219
1262,0.00118422
1263,0.00117626
1264,0.0011683
1265,0.00116037
1266,0.0011525
1267,0.00114466
1268,0.00113687
1269,0.00112913
1270,0.00112145
1271,0.00111383
1272,0.00110626
1273,0.00109877
1274,0.00109135
1275,0.001084
1276,0.00107673
1277,0.00106954
1278,0.00106243
1279,0.0010554
1280,0.00104847
1281,0.00104162
1282,0.00103485
1283,0.00102818
1284,0.00102161
1285,0.00101512
1286,0.00100872
1287,0.00100242
1288,0.000996213
1289,0.000990095
1290,0.00098407
1291,0.000978136
1292,0.000972295
1293,0.000966543
1294,0.000960881
1295,0.000955307
1296,0.000949821
1297,0.000944421
1298,0.000939106
1299,0.000933875
1300,0.000928727
1301,0.000923661
1302,0.000918673
1303,0.000913764
1304,0.00090893
1305,0.000904172
1306,0.000899487
1307,0.000894874
1308,0.000890331
1309,0.000885858
1310,0.000881451
1311,0.000877109
1312,0.00087283
1313,0.000868613
1314,0.000864455
1315,0.000860342
1316,0.000856267
1317,0.000852268
1318,0.000848362
1319,0.000844489
1320,0.000840656
1321,0.000836884
1322,0.00083316
1323,0.000829505
1324,0.000825877
1325,0.000822324
1326,0.000818786
1327,0.000815332
1328,0.000811874
1329,0.00080846
1330,0.000805103
1331,0.000801783
1332,0.000798502
1333,0.000795255
1334,0.000792099
1335,0.000788905
1336,0.000785814
1337,0.000782734
1338,0.00077973
1339,0.000776705
1340,0.000773792
1341,0.000770901
1342,0.000768034
1343,0.000765188
1344,0.000762378
1345,0.000759623
1346,0.000756942
1347,0.000754327
1348,0.000751739
1349,0.00074917
1350,0.000746669
1351,0.000744248
1352,0.000741869
1353,0.000739533
1354,0.00073726
1355,0.000735041
1356,0.000732839
1357,0.000730715
1358,0.000728659
1359,0.000726693
1360,0.000724718
1361,0.000722796
1362,0.000720968
1363,0.000719236
1364,0.000717591
1365,0.000716024
1366,0.000714497
1367,0.000713083
1368,0.000711686
1369,0.000710355
1370,0.000709121
1371,0.000707985
1372,0.000706898
1373,0.000705953
1374,0.000704993
1375,0.000704179
1376,0.000703452
1377,0.000702783
1378,0.000702213
1379,0.000701724
1380,0.000701348
1381,0.000701065
1382,0.000700876
1383,0.000700785
1384,0.00070079
1385,0.000700905
1386,0.000701109
1387,0.000701424
1388,0.000701842
1389,0.000702362
1390,0.000703015
1391,0.000703739
1392,0.000704579
1393,0.000705526
1394,0.00070658
1395,0.000707781
1396,0.000709048
1397,0.000710423
1398,0.000711908
1399,0.000713502
1400,0.000715206
1401,0.000717019
1402,0.000718943
1403,0.000720986
1404,0.00072313
1405,0.000725393
1406,0.000727765
1407,0.000730226
1408,0.000732834
1409,0.00073554
1410,0.000738311
1411,0.000741198
1412,0.000744198
1413,0.000747341
1414,0.000750549
1415,0.000753867
1416,0.000757262
1417,0.000760745
1418,0.000764353
1419,0.000768054
1420,0.000771845
1421,0.000775675
1422,0.000779641
1423,0.000783682
1424,0.000787814
1425,0.000791984
1426,0.00079625
1427,0.0008006
1428,0.000805029
1429,0.000809513
1430,0.000814082
1431,0.000818699
1432,0.000823323
1433,0.000828008
1434,0.0008328
1435,0.000837612
1436,0.000842454
1437,0.000847338
1438,0.000852303
1439,0.000857245
1440,0.000862239
1441,0.000867203
1442,0.00087222
1443,0.000877225
1444,0.000882263
1445,0.000887338
1446,0.000892276
1447,0.000897291
1448,0.00090233
1449,0.000907287
1450,0.000912206
1451,0.000917052
1452,0.000921919
1453,0.000926685
1454,0.000931426
1455,0.000936132
1456,0.000940797
1457,0.000945496
1458,0.000949962
1459,0.00095441
1460,0.000958776
1461,0.000963023
1462,0.000967138
1463,0.000971186
1464,0.000975122
1465,0.000978978
1466,0.00098272
1467,0.000986316
1468,0.000989859
1469,0.000993226
1470,0.000996501
1471,0.000999528
1472,0.00100246
1473,0.00100522
1474,0.00100783
1475,0.00101036
1476,0.00101267
1477,0.00101484
1478,0.00101684
1479,0.00101864
1480,0.0010203
1481,0.00102178
1482,0.00102308
1483,0.00102417
1484,0.00102507
1485,0.00102583
1486,0.00102641
1487,0.00102675
1488,0.00102691
1489,0.00102687
1490,0.00102668
1491,0.00102625
1492,0.00102563
1493,0.00102481
1494,0.00102375
1495,0.00102252
1496,0.00102112
1497,0.00101954
1498,0.00101776
1499,0.00101577
1500,0.00101359
1501,0.00101123
1502,0.00100868
1503,0.00100594
1504,0.00100304
1505,0.000999963
1506,0.000996701
1507,0.000993254
1508,0.000989616
1509,0.00098583
1510,0.000981888
1511,0.000977795
1512,0.000973524
1513,0.000969121
1514,0.000964528
1515,0.00095977
1516,0.000954912
1517,0.000949919
1518,0.000944805
1519,0.000939565
1520,0.000934204
1521,0.000928696
1522,0.000923067
1523,0.000917363
1524,0.000911559
1525,0.000905659
1526,0.000899669
1527,0.000893595
1528,0.000887442
1529,0.000881215
1530,0.000874919
1531,0.000868561
1532,0.000862146
1533,0.000855679
1534,0.000849166
1535,0.000842612
1536,0.000836022
1537,0.000829402
1538,0.000822757
1539,0.000816092
1540,0.000809414
1541,0.000802726
1542,0.000796034
1543,0.000789344
1544,0.000782659
1545,0.000775985
1546,0.000769327
1547,0.00076269
1548,0.000756088
1549,0.000749504
1550,0.000742947
1551,0.00073639
1552,0.000729924
1553,0.000723514
1554,0.000717134
1555,0.000710788
1556,0.000704488
1557,0.0006983
1558,0.000692156
1559,0.00068608
1560,0.000680076
1561,0.000674156
1562,0.000668314
1563,0.000662552
1564,0.000656873
1565,0.000651281
1566,0.000645767
1567,0.000640354
1568,0.000635025
1569,0.000629803
1570,0.000624708
1571,0.000619655
1572,0.000614723
1573,0.000609885
1574,0.000605174
1575,0.00060057
1576,0.000596075
1577,0.000591701
1578,0.000587419
1579,0.000583261
1580,0.000579227
1581,0.000575338
1582,0.000571546
1583,0.000567852
1584,0.0005643
1585,0.000560818
1586,0.000557487
1587,0.000554286
1588,0.000551197
1589,0.00054828
1590,0.00054545
1591,0.000542754
1592,0.000540158
1593,0.000537697
1594,0.00053532
1595,0.000533076
1596,0.000530992
1597,0.000528972
1598,0.000527117
1599,0.000525374
1600,0.000523804
1601,0.000522337
1602,0.000520976
1603,0.000519711
1604,0.000518632
1605,0.000517653
1606,0.00051679
1607,0.000516048
1608,0.000515436
1609,0.000514933
1610,0.000514559
1611,0.000514294
1612,0.000514116
1613,0.000514074
1614,0.000514179
1615,0.000514408
1616,0.000514733
1617,0.000515137
1618,0.000515672
1619,0.000516318
1620,0.000517064
1621,0.000517929
1622,0.000518911
1623,0.000520013
1624,0.000521186
1625,0.000522454
1626,0.000523828
1627,0.000525263
1628,0.000526828
1629,0.000528529
1630,0.000530347
1631,0.00053223
1632,0.000534196
1633,0.000536243
1634,0.00053838
1635,0.000540664
1636,0.000542974
1637,0.000545378
1638,0.000547874
1639,0.000550461
1640,0.000553106
1641,0.000555877
1642,0.000558673
1643,0.000561572
1644,0.000564523
1645,0.000567542
1646,0.000570627
1647,0.000573775
1648,0.000576985
1649,0.000580253
1650,0.000583577
1651,0.000586954
1652,0.000590383
1653,0.000593861
1654,0.000597385
1655,0.000600952
1656,0.000604559
1657,0.000608205
1658,0.000611885
1659,0.000615598
1660,0.00061934
1661,0.000623108
1662,0.000626901
1663,0.000630714
1664,0.000634546
1665,0.000638392
1666,0.00064225
1667,0.000646117
1668,0.000649989
1669,0.000653863
1670,0.000657737
1671,0.000661606
1672,0.000665469
1673,0.000669321
1674,0.000673161
1675,0.000676984
1676,0.000680786
1677,0.000684566
1678,0.000688318
1679,0.000692042
1680,0.000695732
1681,0.000699387
1682,0.000703002
1683,0.000706574
1684,0.000710101
1685,0.000713544
1686,0.000716994
1687,0.00072036
1688,0.000723667
1689,0.000726922
1690,0.000730112
1691,0.000733228
1692,0.000736319
1693,0.000739268
1694,0.000742136
1695,0.000744974
1696,0.000747721
1697,0.000750355
1698,0.000752925
1699,0.000755418
1700,0.000757789
1701,0.000760096
1702,0.000762297
1703,0.000764389
1704,0.000766401
1705,0.000768252
1706,0.000770012
1707,0.000771714
1708,0.000773249
1709,0.000774714
1710,0.000776077
1711,0.000777329
1712,0.000778467
1713,0.000779489
1714,0.000780396
1715,0.000781186
1716,0.000781859
1717,0.000782413
1718,0.000782849
1719,0.000783165
1720,0.000783362
1721,0.00078344
1722,0.000783397
1723,0.000783235
1724,0.000782954
1725,0.000782547
1726,0.000782042
1727,0.000781388
1728,0.000780656
1729,0.000779748
1730,0.000778754
1731,0.000777615
1732,0.000776404
1733,0.00077508
1734,0.000773635
1735,0.000772094
1736,0.000770405
1737,0.000768691
1738,0.000766862
1739,0.000764897
1740,0.000762832
1741,0.000760669
1742,0.00075841
1743,0.000756057
1744,0.000753614
1745,0.000751082
1746,0.000748463
1747,0.000745732
1748,0.000742932
1749,0.000740075
1750,0.000737151
1751,0.000734115
1752,0.000731041
1753,0.0007279
1754,0.000724685
1755,0.000721421
1756,0.000718089
1757,0.000714713
1758,0.000711297
1759,0.000707823
1760,0.000704305
1761,0.000700727
1762,0.000697129
1763,0.000693497
1764,0.000689833
1765,0.000686143
1766,0.000682425
1767,0.000678686
1768,0.000674943
1769,0.00067114
1770,0.000667385
1771,0.000663616
1772,0.000659901
1773,0.000656124
1774,0.000652349
1775,0.000648529
1776,0.000644747
1777,0.000640986
1778,0.00063723
1779,0.000633525
1780,0.000629774
1781,0.000626088
1782,0.000622439
1783,0.000618828
1784,0.000615259
1785,0.000611679
1786,0.000608157
1787,0.000604665
1788,0.000601198
1789,0.000597833
1790,0.000594439
1791,0.000591095
1792,0.000587835
1793,0.000584659
1794,0.000581528
1795,0.000578467
1796,0.000575498
1797,0.000572545
1798,0.00056967
1799,0.000566853
1800,0.000564128
1801,0.000561517
1802,0.000558923
1803,0.00055642
1804,0.000554037
1805,0.000551676
1806,0.000549448
1807,0.000547291
1808,0.00054522
1809,0.000543218
1810,0.000541296
1811,0.000539476
1812,0.000537748
1813,0.000536125
1814,0.000534571
1815,0.000533134
1816,0.000531827
1817,0.000530679
1818,0.000529575
1819,0.000528549
1820,0.000527625
1821,0.000526806
1822,0.000526093
1823,0.000525447
1824,0.000524941
1825,0.000524554
1826,0.000524295
1827,0.000524157
1828,0.00052412
1829,0.000524169
1830,0.000524331
1831,0.000524604
1832,0.000524992
1833,0.000525506
1834,0.000526123
1835,0.000526855
1836,0.000527716
1837,0.000528681
1838,0.000529762
1839,0.000530993
1840,0.000532307
1841,0.000533739
1842,0.000535289
1843,0.000536957
1844,0.000538742
1845,0.000540646
1846,0.000542661
1847,0.000544855
1848,0.000547112
1849,0.000549488
1850,0.000551981
1851,0.000554593
1852,0.000557323
1853,0.00056017
1854,0.000563135
1855,0.000566229
1856,0.000569449
1857,0.000572764
1858,0.000576178
1859,0.000579708
1860,0.000583264
1861,0.000587058
1862,0.000590957
1863,0.000594959
1864,0.000599084
1865,0.000603331
1866,0.000607688
1867,0.000612117
1868,0.000616685
1869,0.000621373
1870,0.000626139
1871,0.000631007
1872,0.000636041
1873,0.000641138
1874,0.000646349
1875,0.000651659
1876,0.000657095
1877,0.000662621
1878,0.000668202
1879,0.000673872
1880,0.000679718
1881,0.00068564
1882,0.000691656
1883,0.000697795
1884,0.000703954
1885,0.000710243
1886,0.00071657
1887,0.000723013
1888,0.000729592
1889,0.000736173
1890,0.000742795
1891,0.000749558
1892,0.00075643
1893,0.000763348
1894,0.000770341
1895,0.000777426
1896,0.000784562
1897,0.000791788
1898,0.00079905
1899,0.000806408
1900,0.000813829
1901,0.000821312
1902,0.000828843
1903,0.000836442
1904,0.000844086
1905,0.000851772
1906,0.000859551
1907,0.000867413
1908,0.000875267
1909,0.000883177
1910,0.000891089
1911,0.000899043
1912,0.000907065
1913,0.000915124
1914,0.000923218
1915,0.000931309
1916,0.000939451
1917,0.000947611
1918,0.000955826
1919,0.000964107
1920,0.000972408
1921,0.000980669
1922,0.000988997
1923,0.000997317
1924,0.00100566
1925,0.00101403
1926,0.00102233
1927,0.00103071
1928,0.00103912
1929,0.00104747
1930,0.00105583
1931,0.00106426
1932,0.00107264
1933,0.001081
1934,0.00108935
1935,0.00109772
1936,0.00110606
1937,0.0011144
1938,0.0011227
1939,0.00113099
1940,0.00113925
1941,0.00114751
1942,0.00115573
1943,0.00116393
1944,0.00117209
1945,0.00118022
1946,0.00118832
1947,0.00119637
1948,0.00120439
1949,0.00121236
1950,0.00122028
1951,0.00122815
1952,0.00123597
1953,0.00124373
1954,0.00125143
1955,0.00125907
1956,0.00126664
1957,0.00127414
1958,0.00128156
1959,0.00128891
1960,0.00129617
1961,0.00130334
1962,0.00131042
1963,0.0013174
1964,0.00132431
1965,0.0013311
1966,0.00133779
1967,0.00134436
1968,0.00135081
1969,0.00135714
1970,0.00136335
1971,0.0013694
1972,0.00137534
1973,0.00138111
1974,0.00138675
1975,0.00139225
1976,0.0013976
1977,0.00140278
1978,0.00140776
1979,0.00141254
1980,0.00141718
1981,0.00142161
1982,0.00142586
1983,0.00142994
1984,0.00143375
1985,0.00143739
1986,0.00144079
1987,0.00144399
1988,0.00144691
1989,0.00144964
1990,0.00145213
1991,0.00145437
1992,0.00145636
1993,0.00145813
1994,0.00145963
1995,0.00146082
1996,0.00146175
1997,0.00146241
1998,0.00146282
1999,0.00146292
2000,0.00146273
2001,0.00146226
2002,0.0014615
2003,0.00146048
2004,0.00145911
2005,0.00145746
2006,0.00145549
2007,0.00145324
2008,0.00145065
2009,0.00144777
2010,0.00144461
2011,0.00144114
2012,0.00143731
2013,0.00143325
2014,0.00142871
2015,0.00142396
2016,0.00141895
2017,0.00141364
2018,0.00140805
2019,0.00140216
2020,0.00139601
2021,0.00138952
2022,0.00138281
2023,0.00137578
2024,0.00136847
2025,0.00136089
2026,0.00135304
2027,0.00134494
2028,0.00133655
2029,0.00132792
2030,0.00131908
2031,0.00131
2032,0.0013007
2033,0.00129119
2034,0.00128147
2035,0.00127154
2036,0.00126143
2037,0.0012511
2038,0.00124064
2039,0.00123
2040,0.00121921
2041,0.00120824
2042,0.00119712
2043,0.00118589
2044,0.00117451
2045,0.00116305
2046,0.00115145
2047,0.00113975
2048,0.00112796
2049,0.00111607
2050,0.00110413
2051,0.00109213
2052,0.00108007
2053,0.00106796
2054,0.00105582
2055,0.00104365
2056,0.00103145
2057,0.00101926
2058,0.00100707
2059,0.000994885
2060,0.000982709
2061,0.000970565
2062,0.00095841
2063,0.000946322
2064,0.00093426
2065,0.000922303
2066,0.000910365
2067,0.000898456
2068,0.000886621
2069,0.000874902
2070,0.000863256
2071,0.000851709
2072,0.000840247
2073,0.000828896
2074,0.000817649
2075,0.000806514
2076,0.000795494
2077,0.000784594
2078,0.000773818
2079,0.00076319
2080,0.000752675
2081,0.000742287
2082,0.00073205
2083,0.000721935
2084,0.000711979
2085,0.000702201
2086,0.000692555
2087,0.000683063
2088,0.00067375
2089,0.000664526
2090,0.000655504
2091,0.000646646
2092,0.000637982
2093,0.000629466
2094,0.000621148
2095,0.000612941
2096,0.000604925
2097,0.000597141
2098,0.000589505
2099,0.000582052
2100,0.000574745
2101,0.000567632
2102,0.000560686
2103,0.00055391
2104,0.000547311
2105,0.000540889
2106,0.000534645
2107,0.000528578
2108,0.000522689
2109,0.000516976
2110,0.000511441
2111,0.000506082
2112,0.000500899
2113,0.000495891
2114,0.000491059
2115,0.000486401
2116,0.000481919
2117,0.000477609
2118,0.000473474
2119,0.000469511
2120,0.000465719
2121,0.000462099
2122,0.000458649
2123,0.000455368
2124,0.000452256
2125,0.000449311
2126,0.000446534
2127,0.000443922
2128,0.000441476
2129,0.000439193
2130,0.000437075
2131,0.000435119
2132,0.000433325
2133,0.000431691
2134,0.000430218
2135,0.000428903
2136,0.000427747
2137,0.000426747
2138,0.000425904
2139,0.000425216
2140,0.000424683
2141,0.000424304
2142,0.000424077
2143,0.000424003
2144,0.000424079
2145,0.000424306
2146,0.000424681
2147,0.000425205
2148,0.000425877
2149,0.000426695
2150,0.000427659
2151,0.000428769
2152,0.000430023
2153,0.000431419
2154,0.000432959
2155,0.00043464
2156,0.000436462
2157,0.000438424
2158,0.000440537
2159,0.000442776
2160,0.000445147
2161,0.000447667
2162,0.000450314
2163,0.000453085
2164,0.00045603
2165,0.000459088
2166,0.00046225
2167,0.000465563
2168,0.000469017
2169,0.000472611
2170,0.000476314
2171,0.000480156
2172,0.000484115
2173,0.000488221
2174,0.000492443
2175,0.00049681
2176,0.000501282
2177,0.000505866
2178,0.000510543
2179,0.00051539
2180,0.000520348
2181,0.000525444
2182,0.000530608
2183,0.000535899
2184,0.000541325
2185,0.000546866
2186,0.00055254
2187,0.000558319
2188,0.000564209
2189,0.000570168
2190,0.000576264
2191,0.000582455
2192,0.000588742
2193,0.000595181
2194,0.000601671
2195,0.000608291
2196,0.000614998
2197,0.000621782
2198,0.000628749
2199,0.000635733
2200,0.000642789
2201,0.000649961
2202,0.00065722
2203,0.000664552
2204,0.000671976
2205,0.000679478
2206,0.000687045
2207,0.000694706
2208,0.000702438
2209,0.000710226
2210,0.00071806
2211,0.000725966
2212,0.000733949
2213,0.000741988
2214,0.000750038
2215,0.000758177
2216,0.00076634
2217,0.000774574
2218,0.000782835
2219,0.00079111
2220,0.000799434
2221,0.000807754
2222,0.000816115
2223,0.000824533
2224,0.000832943
2225,0.000841384
2226,0.000849795
2227,0.000858205
2228,0.000866609
2229,0.000875003
2230,0.000883382
2231,0.000891741
2232,0.000900075
2233,0.000908379
2234,0.000916648
2235,0.000924876
2236,0.000933059
2237,0.000941189
2238,0.000949263
2239,0.000957275
2240,0.000965218
2241,0.000973089
2242,0.000980881
2243,0.000988588
2244,0.000996204
2245,0.00100373
2246,0.00101114
2247,0.00101846
2248,0.00102566
2249,0.00103274
2250,0.0010397
2251,0.00104652
2252,0.00105322
2253,0.00105977
2254,0.00106618
2255,0.00107243
2256,0.00107853
2257,0.00108447
2258,0.00109025
2259,0.00109585
2260,0.00110128
2261,0.00110653
2262,0.00111159
2263,0.00111646
2264,0.00112115
2265,0.00112563
2266,0.00112992
2267,0.001134
2268,0.00113787
2269,0.00114154
2270,0.00114499
2271,0.00114818
2272,0.00115121
2273,0.00115401
2274,0.00115661
2275,0.00115896
2276,0.00116107
2277,0.00116298
2278,0.00116466
2279,0.00116613
2280,0.00116736
2281,0.00116838
2282,0.00116917
2283,0.00116974
2284,0.00117008
2285,0.00117021
2286,0.00117011
2287,0.0011698
2288,0.00116928
2289,0.00116854
2290,0.00116764
2291,0.00116649
2292,0.00116514
2293,0.0011636
2294,0.00116186
2295,0.00115994
2296,0.0011579
2297,0.00115562
2298,0.00115317
2299,0.00115056
2300,0.00114779
2301,0.00114487
2302,0.00114181
2303,0.00113864
2304,0.00113532
2305,0.00113188
2306,0.00112832
2307,0.00112471
2308,0.00112096
2309,0.00111713
2310,0.00111323
2311,0.00110927
2312,0.00110526
2313,0.00110121
2314,0.00109714
2315,0.0010931
2316,0.001089
2317,0.0010849
2318,0.00108078
2319,0.00107668
2320,0.00107262
2321,0.00106861
2322,0.00106464
2323,0.00106073
2324,0.00105698
2325,0.00105332
2326,0.00104975
2327,0.00104633
2328,0.00104302
2329,0.00103989
2330,0.00103689
2331,0.00103409
2332,0.00103137
2333,0.00102891
2334,0.00102676
2335,0.00102478
2336,0.0010231
2337,0.00102167
2338,0.00102058
2339,0.0010197
2340,0.0010192
2341,0.00101904
2342,0.00101921
2343,0.00101969
2344,0.00102058
2345,0.00102184
2346,0.00102352
2347,0.00102564
2348,0.00102816
2349,0.00103111
2350,0.00103458
2351,0.00103851
2352,0.00104301
2353,0.001048
2354,0.00105357
2355,0.00105967
2356,0.00106635
2357,0.00107357
2358,0.00108139
2359,0.00108984
2360,0.00109892
2361,0.00110871
2362,0.00111912
2363,0.00113017
2364,0.00114193
2365,0.00115441
2366,0.00116759
2367,0.00118149
2368,0.00119613
2369,0.00121152
2370,0.00122768
2371,0.0012446
2372,0.00126231
2373,0.00128082
2374,0.00130008
2375,0.00132013
2376,0.00134098
2377,0.00136262
2378,0.00138501
2379,0.00140827
2380,0.00143232
2381,0.00145717
2382,0.00148277
2383,0.00150912
2384,0.00153625
2385,0.00156414
2386,0.00159277
2387,0.00162215
2388,0.00165219
2389,0.00168291
2390,0.00171427
2391,0.00174629
2392,0.00177886
2393,0.001812
2394,0.00184566
2395,0.00187979
2396,0.00191435
2397,0.00194933
2398,0.00198462
2399,0.00202027
2400,0.00205615
2401,0.00209222
2402,0.00212842
2403,0.00216471
2404,0.00220101
2405,0.00223726
2406,0.00227332
2407,0.00230922
2408,0.00234484
2409,0.00238014
2410,0.00241504
2411,0.00244946
2412,0.00248331
2413,0.00251654
2414,0.00254906
2415,0.00258076
2416,0.00261163
2417,0.00264158
2418,0.00267054
2419,0.00269838
2420,0.00272509
2421,0.00275064
2422,0.0027749
2423,0.00279782
2424,0.00281937
2425,0.0028395
2426,0.00285816
2427,0.0028753
2428,0.00289091
2429,0.00290489
2430,0.00291728
2431,0.00292803
2432,0.00293716
2433,0.00294464
2434,0.00295043
2435,0.00295456
2436,0.002957
2437,0.00295781
2438,0.00295695
2439,0.00295447
2440,0.00295034
2441,0.00294471
2442,0.00293751
2443,0.00292882
2444,0.00291868
2445,0.00290718
2446,0.00289426
2447,0.00288011
2448,0.00286464
2449,0.00284803
2450,0.00283031
2451,0.00281144
2452,0.00279159
2453,0.00277082
2454,0.00274916
2455,0.00272666
2456,0.0027034
2457,0.00267944
2458,0.00265484
2459,0.00262967
2460,0.00260396
2461,0.00257781
2462,0.00255122
2463,0.00252433
2464,0.00249711
2465,0.0024697
2466,0.002442
2467,0.00241418
2468,0.00238621
2469,0.00235823
2470,0.00233017
2471,0.00230206
2472,0.00227402
2473,0.00224603
2474,0.00221812
2475,0.0021903
2476,0.0021627
2477,0.00213522
2478,0.0021079
2479,0.00208076
2480,0.00205388
2481,0.00202724
2482,0.00200074
2483,0.00197451
2484,0.00194852
2485,0.00192283
2486,0.00189736
2487,0.00187214
2488,0.00184721
2489,0.00182253
2490,0.00179812
2491,0.00177397
2492,0.00175008
2493,0.00172645
2494,0.00170312
2495,0.00168
2496,0.00165712
2497,0.00163449
2498,0.00161208
2499,0.00158993
2500,0.00156803
2501,0.00154634
2502,0.00152489
2503,0.00150366
2504,0.00148263
2505,0.0014618
2506,0.00144118
2507,0.0014208
2508,0.00140062
2509,0.00138064
2510,0.00136086
2511,0.00134127
2512,0.00132187
2513,0.00130266
2514,0.00128364
2515,0.00126479
2516,0.00124614
2517,0.00122766
2518,0.00120936
2519,0.00119124
2520,0.0011733
2521,0.00115554
2522,0.00113795
2523,0.00112055
2524,0.00110332
2525,0.00108627
2526,0.0010694
2527,0.0010527
2528,0.00103619
2529,0.00101986
2530,0.00100371
2531,0.000987747
2532,0.000971967
2533,0.000956372
2534,0.000940966
2535,0.000925747
2536,0.000910718
2537,0.00089588
2538,0.000881235
2539,0.000866783
2540,0.000852525
2541,0.000838463
2542,0.000824609
2543,0.000810942
2544,0.000797465
2545,0.000784197
2546,0.000771122
2547,0.000758258
2548,0.000745577
2549,0.00073312
2550,0.000720856
2551,0.000708809
2552,0.000696967
2553,0.000685331
2554,0.00067391
2555,0.000662696
2556,0.000651657
2557,0.000640864
2558,0.000630258
2559,0.000619875
2560,0.000609668
2561,0.000599655
2562,0.000589836
2563,0.000580279
2564,0.000570956
2565,0.00056179
2566,0.000552775
2567,0.000543991
2568,0.000535437
2569,0.000527061
2570,0.000518922
2571,0.000510929
2572,0.000503169
2573,0.000495576
2574,0.000488175
2575,0.000480964
2576,0.00047394
2577,0.000467103
2578,0.000460451
2579,0.000453983
2580,0.000447695
2581,0.000441587
2582,0.000435656
2583,0.000429901
2584,0.00042432
2585,0.00041891
2586,0.00041367
2587,0.000408598
2588,0.000403691
2589,0.000398947
2590,0.000394364
2591,0.000389941
2592,0.000385675
2593,0.000381563
2594,0.000377604
2595,0.000373796
2596,0.000370137
2597,0.000366624
2598,0.000363256
2599,0.00036003
2600,0.000356944
2601,0.000353996
2602,0.000351184
2603,0.000348506
2604,0.000345959
2605,0.000343543
2606,0.000341254
2607,0.000339091
2608,0.000337052
2609,0.000335135
2610,0.000333337
2611,0.000331657
2612,0.000330092
2613,0.000328642
2614,0.000327303
2615,0.000326075
2616,0.000324955
2617,0.000323941
2618,0.000323033
2619,0.000322227
2620,0.000321523
2621,0.000320932
2622,0.000320424
2623,0.000319967
2624,0.000319656
2625,0.000319427
2626,0.000319309
2627,0.00031925
2628,0.000319289
2629,0.000319444
2630,0.000319655
2631,0.000319959
2632,0.000320315
2633,0.000320782
2634,0.000321328
2635,0.000321952
2636,0.000322653
2637,0.000323431
2638,0.000324282
2639,0.000325207
2640,0.000326204
2641,0.000327272
2642,0.00032841
2643,0.000329616
2644,0.000330891
2645,0.000332233
2646,0.000333642
2647,0.000335116
2648,0.000336653
2649,0.000338254
2650,0.000339918
2651,0.000341643
2652,0.00034343
2653,0.000345278
2654,0.000347186
2655,0.000349153
2656,0.00035118
2657,0.000353265
2658,0.00035541
2659,0.000357592
2660,0.000359876
2661,0.000362156
2662,0.000364512
2663,0.000366946
2664,0.000369425
2665,0.000371971
2666,0.000374564
2667,0.000377253
2668,0.000379988
2669,0.00038272
2670,0.000385549
2671,0.000388414
2672,0.000391377
2673,0.000394387
2674,0.000397434
2675,0.00040053
2676,0.000403705
2677,0.00040695
2678,0.000410255
2679,0.00041362
2680,0.000417058
2681,0.000420548
2682,0.00042405
2683,0.000427637
2684,0.000431319
2685,0.000435079
2686,0.000438874
2687,0.000442749
2688,0.000446693
2689,0.000450709
2690,0.000454789
2691,0.000458943
2692,0.000463297
2693,0.000467613
2694,0.000472008
2695,0.000476475
2696,0.000481036
2697,0.000485673
2698,0.000490398
2699,0.000495224
2700,0.000500162
2701,0.000505205
2702,0.000510336
2703,0.000515586
2704,0.000520936
2705,0.000526341
2706,0.000531885
2707,0.000537531
2708,0.000543291
2709,0.000549106
2710,0.000555136
2711,0.000561252
2712,0.000567505
2713,0.0005739
2714,0.00058044
2715,0.000587108
2716,0.000593917
2717,0.000600872
2718,0.000607965
2719,0.000615221
2720,0.000622614
2721,0.000630187
2722,0.000637924
2723,0.000645818
2724,0.000653883
2725,0.000662134
2726,0.000670584
2727,0.000679196
2728,0.000687995
2729,0.000696984
2730,0.000706157
2731,0.000715528
2732,0.00072512
2733,0.000734926
2734,0.000744891
2735,0.000755088
2736,0.000765508
2737,0.000776197
2738,0.000787126
2739,0.000798228
2740,0.000809478
2741,0.000821049
2742,0.000832781
2743,0.000844806
2744,0.000857055
2745,0.00086952
2746,0.000882241
2747,0.000895238
2748,0.000908413
2749,0.000921876
2750,0.000935595
2751,0.000949516
2752,0.000963685
2753,0.000978089
2754,0.000992696
2755,0.00100751
2756,0.0010226
2757,0.00103792
2758,0.00105346
2759,0.00106919
2760,0.00108514
2761,0.00110126
2762,0.00111759
2763,0.0011341
2764,0.0011508
2765,0.00116768
2766,0.00118472
2767,0.00120187
2768,0.00121916
2769,0.00123657
2770,0.00125413
2771,0.00127178
2772,0.00128952
2773,0.00130732
2774,0.00132519
2775,0.0013431
2776,0.00136103
2777,0.00137896
2778,0.00139688
2779,0.00141476
2780,0.00143259
2781,0.00145034
2782,0.00146799
2783,0.00148552
2784,0.00150292
2785,0.00152014
2786,0.00153718
2787,0.001554
2788,0.00157059
2789,0.00158692
2790,0.00160294
2791,0.00161864
2792,0.00163406
2793,0.00164905
2794,0.00166365
2795,0.00167788
2796,0.00169166
2797,0.00170502
2798,0.00171782
2799,0.00173013
2800,0.00174193
2801,0.00175319
2802,0.00176385
2803,0.00177389
2804,0.00178334
2805,0.00179213
2806,0.00180027
2807,0.00180774
2808,0.00181451
2809,0.00182058
2810,0.00182593
2811,0.00183054
2812,0.00183442
2813,0.00183754
2814,0.00183988
2815,0.00184148
2816,0.00184229
2817,0.00184232
2818,0.00184157
2819,0.00184007
2820,0.00183776
2821,0.00183467
2822,0.00183084
2823,0.00182626
2824,0.00182093
2825,0.00181487
2826,0.00180806
2827,0.00180057
2828,0.00179235
2829,0.0017834
2830,0.00177378
2831,0.00176352
2832,0.00175262
2833,0.0017411
2834,0.00172899
2835,0.0017163
2836,0.00170306
2837,0.00168928
2838,0.00167499
2839,0.00166022
2840,0.001645
2841,0.00162935
2842,0.00161329
2843,0.00159683
2844,0.00158003
2845,0.00156291
2846,0.00154548
2847,0.00152777
2848,0.00150981
2849,0.00149164
2850,0.00147326
2851,0.0014547
2852,0.00143599
2853,0.00141714
2854,0.00139821
2855,0.0013792
2856,0.00136013
2857,0.00134103
2858,0.00132192
2859,0.00130281
2860,0.00128373
2861,0.0012647
2862,0.00124574
2863,0.00122686
2864,0.00120808
2865,0.00118943
2866,0.00117087
2867,0.00115249
2868,0.00113427
2869,0.00111631
2870,0.00109843
2871,0.00108076
2872,0.00106331
2873,0.00104606
2874,0.00102903
2875,0.00101223
2876,0.000995679
2877,0.000979373
2878,0.00096332
2879,0.000947518
2880,0.000931989
2881,0.000916719
2882,0.000901731
2883,0.000887007
2884,0.000872581
2885,0.000858424
2886,0.000844538
2887,0.000830915
2888,0.000817587
2889,0.000804541
2890,0.000791798
2891,0.000779327
2892,0.000767175
2893,0.000755333
2894,0.000743682
2895,0.000732337
2896,0.000721266
2897,0.000710466
2898,0.000699934
2899,0.000689667
2900,0.000679662
2901,0.000669915
2902,0.000660423
2903,0.000651203
2904,0.00064223
2905,0.000633461
2906,0.000624933
2907,0.00061666
2908,0.000608609
2909,0.000600797
2910,0.000593196
2911,0.000585834
2912,0.000578655
2913,0.000571706
2914,0.000564972
2915,0.000558449
2916,0.000552102
2917,0.000545946
2918,0.000539948
2919,0.00053418
2920,0.000528558
2921,0.000523121
2922,0.000517882
2923,0.000512758
2924,0.000507835
2925,0.000503027
2926,0.000498371
2927,0.000493894
2928,0.000489583
2929,0.00048543
2930,0.000481328
2931,0.000477409
2932,0.000473647
2933,0.00046998
2934,0.000466454
2935,0.000462978
2936,0.000459589
2937,0.000456361
2938,0.000453229
2939,0.00045026
2940,0.000447342
2941,0.000444533
2942,0.000441802
2943,0.000439192
2944,0.000436659
2945,0.000434232
2946,0.000431887
2947,0.000429642
2948,0.000427455
2949,0.000425352
2950,0.000423272
2951,0.000421322
2952,0.00041939
2953,0.000417522
2954,0.000415758
2955,0.000414054
2956,0.00041241
2957,0.0004108
2958,0.000409245
2959,0.000407725
2960,0.000406239
2961,0.000404824
2962,0.000403487
2963,0.000402167
2964,0.000400903
2965,0.000399694
2966,0.000398527
2967,0.000397403
2968,0.000396319
2969,0.000395274
2970,0.000394268
2971,0.0003933
2972,0.000392367
2973,0.000391471
2974,0.000390609
2975,0.000389782
2976,0.000388988
2977,0.000388227
2978,0.000387498
2979,0.000386801
2980,0.000386134
2981,0.000385499
2982,0.000384894
2983,0.000384318
2984,0.000383772
2985,0.000383254
2986,0.000382766
2987,0.000382306
2988,0.000381874
2989,0.000381471
2990,0.000381096
2991,0.000380749
2992,0.00038043
2993,0.000380139
2994,0.000379877
2995,0.000379642
2996,0.000379436
2997,0.000379259
2998,0.000379111
2999,0.000378992
3000,0.000378902
3001,0.000378844
3002,0.000378815
3003,0.000378818
3004,0.000378851
3005,0.000378917
3006,0.000379016
3007,0.000379147
3008,0.000379312
3009,0.000379511
3010,0.000379745
3011,0.000380015
3012,0.000380321
3013,0.000380663
3014,0.000381043
3015,0.000381463
3016,0.000381922
3017,0.000382421
3018,0.000382962
3019,0.000383544
3020,0.00038417
3021,0.00038484
3022,0.000385519
3023,0.000386275
3024,0.000387096
3025,0.000387956
3026,0.000388894
3027,0.000389811
3028,0.00039081
3029,0.00039187
3030,0.000392974
3031,0.000394162
3032,0.000395445
3033,0.000396696
3034,0.000398013
3035,0.0003994
3036,0.000400896
3037,0.000402447
3038,0.00040406
3039,0.000405718
3040,0.000407423
3041,0.000409185
3042,0.000411056
3043,0.000413028
3044,0.000415061
3045,0.000417108
3046,0.000419248
3047,0.000421605
3048,0.000423918
3049,0.000426311
3050,0.000428784
3051,0.00043134
3052,0.000433978
3053,0.000436701
3054,0.000439511
3055,0.000442409
3056,0.000445396
3057,0.000448473
3058,0.000451643
3059,0.000454906
3060,0.000458264
3061,0.000461718
3062,0.00046527
3063,0.000468921
3064,0.000472673
3065,0.000476526
3066,0.000480483
3067,0.000484543
3068,0.00048871
3069,0.000492983
3070,0.000497363
3071,0.000501852
3072,0.000506451
3073,0.000511162
3074,0.000515985
3075,0.00052092
3076,0.000525969
3077,0.000531133
3078,0.000536413
3079,0.000541809
3080,0.000547322
3081,0.000552954
3082,0.000558704
3083,0.000564572
3084,0.000570561
3085,0.000576668
3086,0.0005829
3087,0.000589263
3088,0.00059573
3089,0.000602329
3090,0.000609036
3091,0.000615876
3092,0.000622824
3093,0.000629903
3094,0.000637089
3095,0.000644395
3096,0.000651823
3097,0.000659339
3098,0.000667061
3099,0.000674832
3100,0.000682718
3101,0.000690718
3102,0.000698831
3103,0.000707088
3104,0.00071542
3105,0.000723861
3106,0.000732407
3107,0.000741058
3108,0.000749824
3109,0.000758676
3110,0.000767619
3111,0.00077661
3112,0.000785735
3113,0.00079497
3114,0.000804282
3115,0.000813689
3116,0.000823177
3117,0.000832744
3118,0.000842385
3119,0.000852098
3120,0.000861879
3121,0.000871724
3122,0.00088163
3123,0.000891593
3124,0.000901639
3125,0.000911702
3126,0.000921809
3127,0.000931955
3128,0.000942139
3129,0.000952355
3130,0.000962618
3131,0.000972882
3132,0.000983165
3133,0.000993461
3134,0.00100376
3135,0.00101404
3136,0.00102439
3137,0.0010347
3138,0.00104496
3139,0.00105524
3140,0.00106552
3141,0.00107578
3142,0.00108601
3143,0.00109616
3144,0.00110628
3145,0.00111639
3146,0.00112647
3147,0.00113645
3148,0.00114636
3149,0.00115625
3150,0.00116609
3151,0.00117585
3152,0.00118556
3153,0.00119517
3154,0.00120471
3155,0.00121416
3156,0.00122357
3157,0.00123284
3158,0.00124206
3159,0.00125117
3160,0.0012602
3161,0.00126914
3162,0.00127799
3163,0.00128673
3164,0.00129539
3165,0.00130394
3166,0.00131239
3167,0.00132072
3168,0.00132897
3169,0.00133712
3170,0.00134518
3171,0.00135314
3172,0.00136103
3173,0.00136877
3174,0.00137642
3175,0.00138399
3176,0.00139145
3177,0.00139882
3178,0.00140607
3179,0.00141325
3180,0.00142032
3181,0.00142725
3182,0.00143414
3183,0.00144097
3184,0.0014477
3185,0.00145434
3186,0.0014609
3187,0.00146738
3188,0.00147378
3189,0.00148009
3190,0.00148633
3191,0.0014925
3192,0.00149861
3193,0.00150462
3194,0.00151058
3195,0.00151645
3196,0.00152225
3197,0.00152798
3198,0.00153362
3199,0.00153922
3200,0.00154473
3201,0.00155015
3202,0.0015555
3203,0.00156076
3204,0.00156593
3205,0.00157102
3206,0.00157603
3207,0.00158094
3208,0.00158575
3209,0.00159047
3210,0.00159507
3211,0.00159957
3212,0.00160396
3213,0.00160822
3214,0.00161235
3215,0.00161635
3216,0.00162021
3217,0.00162393
3218,0.00162749
3219,0.00163088
3220,0.00163411
3221,0.00163716
3222,0.00164002
3223,0.00164269
3224,0.00164515
3225,0.0016474
3226,0.00164942
3227,0.00165121
3228,0.00165276
3229,0.00165406
3230,0.0016551
3231,0.00165587
3232,0.00165637
3233,0.00165657
3234,0.00165648
3235,0.00165609
3236,0.00165538
3237,0.00165436
3238,0.00165303
3239,0.00165134
3240,0.0016493
3241,0.00164688
3242,0.00164412
3243,0.00164103
3244,0.00163758
3245,0.00163376
3246,0.00162955
3247,0.00162494
3248,0.00161998
3249,0.00161466
3250,0.00160898
3251,0.0016029
3252,0.00159643
3253,0.00158955
3254,0.00158226
3255,0.00157462
3256,0.00156663
3257,0.00155826
3258,0.00154952
3259,0.00154045
3260,0.00153098
3261,0.00152115
3262,0.00151097
3263,0.00150046
3264,0.0014896
3265,0.00147846
3266,0.00146698
3267,0.0014552
3268,0.00144315
3269,0.00143077
3270,0.00141815
3271,0.00140527
3272,0.00139212
3273,0.0013788
3274,0.00136523
3275,0.00135139
3276,0.00133737
3277,0.00132316
3278,0.00130876
3279,0.00129426
3280,0.00127956
3281,0.00126472
3282,0.00124978
3283,0.00123472
3284,0.00121958
3285,0.00120436
3286,0.00118902
3287,0.00117369
3288,0.00115834
3289,0.0011429
3290,0.00112746
3291,0.00111201
3292,0.00109661
3293,0.00108116
3294,0.00106581
3295,0.00105045
3296,0.00103519
3297,0.00101991
3298,0.00100476
3299,0.000989683
3300,0.000974683
3301,0.000959805
3302,0.00094501
3303,0.000930335
3304,0.000915836
3305,0.000901461
3306,0.000887198
3307,0.000873101
3308,0.000859158
3309,0.000845406
3310,0.000831779
3311,0.000818404
3312,0.000805127
3313,0.000792042
3314,0.000779142
3315,0.000766493
3316,0.000753944
3317,0.000741615
3318,0.000729457
3319,0.000717627
3320,0.000705841
3321,0.000694302
3322,0.000682973
3323,0.000671881
3324,0.000661011
3325,0.000650332
3326,0.000639886
3327,0.000629723
3328,0.000619683
3329,0.000609896
3330,0.000600312
3331,0.000590942
3332,0.000581803
3333,0.000572887
3334,0.000564112
3335,0.000555628
3336,0.000547282
3337,0.000539193
3338,0.000531304
3339,0.000523602
3340,0.000516106
3341,0.000508852
3342,0.000501769
3343,0.000494863
3344,0.000488162
3345,0.000481665
3346,0.00047533
3347,0.000469161
3348,0.000463225
3349,0.000457456
3350,0.000451831
3351,0.000446369
3352,0.000441123
3353,0.000436029
3354,0.000431147
3355,0.000426423
3356,0.000421874
3357,0.000417488
3358,0.000413262
3359,0.000409195
3360,0.000405282
3361,0.000401523
3362,0.000397913
3363,0.000394451
3364,0.000391133
3365,0.000387958
3366,0.000384923
3367,0.000382026
3368,0.000379263
3369,0.000376633
3370,0.000374132
3371,0.000371758
3372,0.000369509
3373,0.000367383
3374,0.000365378
3375,0.00036349
3376,0.000361719
3377,0.000360062
3378,0.000358516
3379,0.00035708
3380,0.000355752
3381,0.000354555
3382,0.000353434
3383,0.000352416
3384,0.000351532
3385,0.000350711
3386,0.000349987
3387,0.000349358
3388,0.000348846
3389,0.000348403
3390,0.00034805
3391,0.000347771
3392,0.000347634
3393,0.000347545
3394,0.000347536
3395,0.000347645
3396,0.000347809
3397,0.000348062
3398,0.000348408
3399,0.000348818
3400,0.000349247
3401,0.000349857
3402,0.000350456
3403,0.000351182
3404,0.000351984
3405,0.000352844
3406,0.000353799
3407,0.000354841
3408,0.000355938
3409,0.00035714
3410,0.000358428
3411,0.000359772
3412,0.000361172
3413,0.000362668
3414,0.00036422
3415,0.000365859
3416,0.000367585
3417,0.000369389
3418,0.00037127
3419,0.000373231
3420,0.00037527
3421,0.000377391
3422,0.000379593
3423,0.000381877
3424,0.000384245
3425,0.000386697
3426,0.000389236
3427,0.000391862
3428,0.000394577
3429,0.000397382
3430,0.000400268
3431,0.000403257
3432,0.00040634
3433,0.00040953
3434,0.000412799
3435,0.000416179
3436,0.000419671
3437,0.000423268
3438,0.000426932
3439,0.000430736
3440,0.000434642
3441,0.000438712
3442,0.00044285
3443,0.000447158
3444,0.000451589
3445,0.00045615
3446,0.000460808
3447,0.000465598
3448,0.000470524
3449,0.000475588
3450,0.000480785
3451,0.000486136
3452,0.000491626
3453,0.000497277
3454,0.000503084
3455,0.000509029
3456,0.000515146
3457,0.00052144
3458,0.000527913
3459,0.000534559
3460,0.000541373
3461,0.000548347
3462,0.000555546
3463,0.000562924
3464,0.000570494
3465,0.000578241
3466,0.000586187
3467,0.000594308
3468,0.000602695
3469,0.000611223
3470,0.000620016
3471,0.000629027
3472,0.000638251
3473,0.000647678
3474,0.000657374
3475,0.000667292
3476,0.000677465
3477,0.000687844
3478,0.000698473
3479,0.000709344
3480,0.000720481
3481,0.000731864
3482,0.000743483
3483,0.000755352
3484,0.000767474
3485,0.000779849
3486,0.000792478
3487,0.000805344
3488,0.000818497
3489,0.000831913
3490,0.000845573
3491,0.000859469
3492,0.000873637
3493,0.000888054
3494,0.000902719
3495,0.000917627
3496,0.000932776
3497,0.000948132
3498,0.00096374
3499,0.000979586
3500,0.000995634
3501,0.00101191
3502,0.00102842
3503,0.0010451
3504,0.00106198
3505,0.00107903
3506,0.0010963
3507,0.00111369
3508,0.00113123
3509,0.00114892
3510,0.00116674
3511,0.00118469
3512,0.00120273
3513,0.00122088
3514,0.00123908
3515,0.00125734
3516,0.00127563
3517,0.00129391
3518,0.00131221
3519,0.00133053
3520,0.0013488
3521,0.00136703
3522,0.00138519
3523,0.00140325
3524,0.0014212
3525,0.00143902
3526,0.00145667
3527,0.00147414
3528,0.00149139
3529,0.00150841
3530,0.00152527
3531,0.00154178
3532,0.00155799
3533,0.00157388
3534,0.00158943
3535,0.00160461
3536,0.00161939
3537,0.00163377
3538,0.0016477
3539,0.00166115
3540,0.00167413
3541,0.0016866
3542,0.00169861
3543,0.00171002
3544,0.00172089
3545,0.00173116
3546,0.00174084
3547,0.00174988
3548,0.00175835
3549,0.00176616
3550,0.00177332
3551,0.00177981
3552,0.00178563
3553,0.00179078
3554,0.00179525
3555,0.00179896
3556,0.00180202
3557,0.00180437
3558,0.00180599
3559,0.00180695
3560,0.00180713
3561,0.00180668
3562,0.0018055
3563,0.00180362
3564,0.00180107
3565,0.00179786
3566,0.00179396
3567,0.00178944
3568,0.0017843
3569,0.00177846
3570,0.00177201
3571,0.001765
3572,0.00175741
3573,0.00174923
3574,0.00174053
3575,0.00173129
3576,0.00172157
3577,0.00171137
3578,0.0017007
3579,0.00168959
3580,0.00167807
3581,0.00166619
3582,0.00165392
3583,0.0016414
3584,0.00162848
3585,0.00161527
3586,0.00160179
3587,0.00158807
3588,0.00157412
3589,0.00155998
3590,0.00154566
3591,0.00153119
3592,0.00151659
3593,0.00150188
3594,0.00148714
3595,0.00147228
3596,0.00145739
3597,0.00144247
3598,0.00142755
3599,0.00141262
3600,0.00139778
3601,0.00138294
3602,0.00136816
3603,0.00135354
3604,0.00133901
3605,0.00132461
3606,0.0013103
3607,0.00129615
3608,0.00128213
3609,0.00126834
3610,0.00125467
3611,0.00124119
3612,0.0012279
3613,0.00121482
3614,0.00120195
3615,0.00118935
3616,0.00117692
3617,0.00116473
3618,0.00115277
3619,0.00114106
3620,0.00112959
3621,0.00111839
3622,0.00110741
3623,0.00109669
3624,0.0010862
3625,0.00107596
3626,0.00106601
3627,0.00105629
3628,0.00104684
3629,0.00103761
3630,0.00102865
3631,0.00101994
3632,0.00101146
3633,0.00100322
3634,0.000995238
3635,0.000987481
3636,0.000979953
3637,0.000972682
3638,0.000965583
3639,0.000958729
3640,0.000952078
3641,0.000945644
3642,0.000939401
3643,0.000933356
3644,0.000927512
3645,0.000921854
3646,0.000916376
3647,0.000911072
3648,0.000905937
3649,0.000900964
3650,0.000896148
3651,0.000891482
3652,0.000886961
3653,0.000882578
3654,0.000878329
3655,0.000874208
3656,0.000870207
3657,0.000866323
3658,0.000862548
3659,0.000858878
3660,0.000855308
3661,0.000851831
3662,0.000848442
3663,0.000845136
3664,0.000841881
3665,0.000838774
3666,0.000835687
3667,0.000832668
3668,0.000829681
3669,0.000826769
3670,0.000823927
3671,0.000821082
3672,0.00081831
3673,0.000815586
3674,0.000812889
3675,0.000810223
3676,0.000807597
3677,0.000804997
3678,0.000802421
3679,0.000799867
3680,0.000797331
3681,0.000794812
3682,0.000792307
3683,0.000789814
3684,0.000787333
3685,0.000784861
3686,0.000782399
3687,0.000779944
3688,0.000777496
3689,0.000775055
3690,0.000772619
3691,0.000770189
3692,0.000767764
3693,0.000765345
3694,0.000762941
3695,0.000760523
3696,0.000758141
3697,0.000755745
3698,0.000753337
3699,0.000750939
3700,0.000748591
3701,0.000746224
3702,0.000743901
3703,0.000741571
3704,0.000739197
3705,0.000736912
3706,0.000734627
3707,0.000732393
3708,0.000730194
3709,0.000727996
3710,0.000725827
3711,0.00072369
3712,0.000721587
3713,0.000719511
3714,0.000717485
3715,0.000715501
3716,0.000713562
3717,0.000711671
3718,0.000709832
3719,0.000708065
3720,0.000706336
3721,0.000704656
3722,0.000703049
3723,0.000701509
3724,0.000700037
3725,0.000698629
3726,0.000697297
3727,0.000696022
3728,0.00069486
3729,0.000693783
3730,0.000692795
3731,0.000691908
3732,0.000691095
3733,0.000690381
3734,0.000689796
3735,0.000689346
3736,0.000688959
3737,0.000688682
3738,0.000688518
3739,0.00068847
3740,0.000688541
3741,0.000688733
3742,0.000689049
3743,0.000689492
3744,0.000690064
3745,0.000690768
3746,0.000691606
3747,0.000692579
3748,0.000693691
3749,0.000694942
3750,0.000696335
3751,0.000697871
3752,0.000699553
3753,0.000701381
3754,0.000703356
3755,0.00070548
3756,0.000707755
3757,0.00071018
3758,0.000712758
3759,0.000715487
3760,0.000718368
3761,0.000721402
3762,0.000724589
3763,0.000727929
3764,0.000731421
3765,0.000735065
3766,0.000738861
3767,0.000742807
3768,0.000746901
3769,0.000751144
3770,0.000755534
3771,0.000760069
3772,0.000764747
3773,0.000769565
3774,0.000774523
3775,0.000779617
3776,0.000784843
3777,0.000790202
3778,0.000795691
3779,0.000801293
3780,0.000807035
3781,0.000812852
3782,0.00081882
3783,0.000824846
3784,0.000831033
3785,0.000837288
3786,0.00084366
3787,0.000850104
3788,0.000856711
3789,0.00086328
3790,0.0008699
3791,0.000876633
3792,0.000883424
3793,0.000890267
3794,0.000897154
3795,0.000904077
3796,0.000911061
3797,0.000918036
3798,0.000925025
3799,0.000932023
3800,0.000939044
3801,0.000946012
3802,0.000952964
3803,0.000959893
3804,0.000966783
3805,0.0009736
3806,0.000980448
3807,0.000987216
3808,0.000993927
3809,0.00100054
3810,0.00100706
3811,0.00101351
3812,0.00101988
3813,0.00102608
3814,0.00103223
3815,0.00103822
3816,0.0010441
3817,0.00104978
3818,0.00105535
3819,0.00106074
3820,0.00106599
3821,0.00107101
3822,0.00107589
3823,0.00108054
3824,0.00108501
3825,0.00108928
3826,0.00109333
3827,0.00109716
3828,0.00110077
3829,0.00110415
3830,0.00110729
3831,0.00111018
3832,0.00111283
3833,0.00111523
3834,0.00111737
3835,0.00111924
3836,0.00112086
3837,0.0011222
3838,0.00112328
3839,0.00112408
3840,0.00112461
3841,0.00112486
3842,0.00112483
3843,0.00112453
3844,0.00112394
3845,0.00112308
3846,0.00112194
3847,0.00112052
3848,0.00111883
3849,0.00111686
3850,0.00111463
3851,0.00111212
3852,0.00110934
3853,0.0011063
3854,0.001103
3855,0.00109945
3856,0.00109563
3857,0.00109158
3858,0.00108728
3859,0.00108276
3860,0.00107798
3861,0.00107299
3862,0.0010678
3863,0.0010624
3864,0.00105679
3865,0.00105098
3866,0.00104496
3867,0.00103875
3868,0.00103237
3869,0.00102581
3870,0.00101911
3871,0.00101225
3872,0.00100522
3873,0.000998036
3874,0.00099074
3875,0.000983299
3876,0.000975744
3877,0.00096809
3878,0.000960333
3879,0.000952482
3880,0.000944556
3881,0.00093655
3882,0.000928483
3883,0.000920331
3884,0.000912154
3885,0.000903908
3886,0.000895581
3887,0.000887259
3888,0.000878911
3889,0.000870532
3890,0.000862201
3891,0.000853854
3892,0.000845482
3893,0.000837116
3894,0.000828752
3895,0.000820396
3896,0.000812063
3897,0.00080379
3898,0.000795531
3899,0.000787303
3900,0.00077914
3901,0.000771046
3902,0.000762975
3903,0.000754933
3904,0.000747034
3905,0.000739152
3906,0.000731342
3907,0.000723606
3908,0.000715947
3909,0.000708368
3910,0.000700874
3911,0.000693465
3912,0.000686146
3913,0.000678917
3914,0.000671781
3915,0.000664741
3916,0.000657797
3917,0.000650952
3918,0.000644207
3919,0.000637564
3920,0.000631025
3921,0.000624591
3922,0.00061826
3923,0.000612036
3924,0.000605918
3925,0.000599906
3926,0.000594002
3927,0.000588205
3928,0.000582516
3929,0.000576935
3930,0.000571461
3931,0.000566094
3932,0.000560833
3933,0.000555679
3934,0.000550631
3935,0.000545689
3936,0.00054085
3937,0.000536116
3938,0.000531483
3939,0.000526953
3940,0.000522524
3941,0.000518195
3942,0.000513963
3943,0.000509829
3944,0.000505805
3945,0.00050186
3946,0.000497983
3947,0.00049423
3948,0.000490537
3949,0.000486974
3950,0.000483519
3951,0.000480119
3952,0.000476825
3953,0.000473573
3954,0.000470434
3955,0.000467394
3956,0.000464395
3957,0.000461474
3958,0.00045864
3959,0.000455867
3960,0.000453142
3961,0.000450519
3962,0.000448024
3963,0.000445528
3964,0.000443098
3965,0.000440732
3966,0.00043839
3967,0.000436165
3968,0.000433958
3969,0.000431809
3970,0.000429735
3971,0.000427726
3972,0.00042577
3973,0.000423865
3974,0.00042201
3975,0.000420203
3976,0.000418442
3977,0.000416727
3978,0.000415056
3979,0.000413427
3980,0.000411839
3981,0.000410292
3982,0.000408783
3983,0.000407311
3984,0.000405875
3985,0.000404474
3986,0.000403106
3987,0.000401771
3988,0.000400467
3989,0.000399192
3990,0.000397946
3991,0.000396728
3992,0.000395536
3993,0.000394371
3994,0.000393229
3995,0.000392111
3996,0.000391016
3997,0.000389942
3998,0.000388889
3999,0.000387857
4000,0.000386843
4001,0.00038581
4002,0.000384817
4003,0.000383862
4004,0.000382922
4005,0.000382028
4006,0.000381069
4007,0.000380184
4008,0.000379292
4009,0.000378413
4010,0.000377547
4011,0.000376702
4012,0.00037587
4013,0.000375048
4014,0.000374237
4015,0.000373436
4016,0.000372646
4017,0.000371865
4018,0.000371095
4019,0.000370333
4020,0.00036958
4021,0.000368836
4022,0.000368101
4023,0.000367373
4024,0.000366654
4025,0.000365943
4026,0.00036524
4027,0.000364545
4028,0.000363858
4029,0.000363178
4030,0.000362506
4031,0.000361842
4032,0.000361186
4033,0.000360537
4034,0.000359897
4035,0.000359265
4036,0.000358641
4037,0.000358026
4038,0.000357419
4039,0.000356821
4040,0.000356232
4041,0.000355651
4042,0.000355081
4043,0.00035452
4044,0.000353969
4045,0.000353427
4046,0.000352897
4047,0.000352378
4048,0.00035187
4049,0.000351374
4050,0.000350889
4051,0.000350416
4052,0.000349957
4053,0.000349509
4054,0.000349076
4055,0.000348656
4056,0.000348251
4057,0.00034786
4058,0.000347485
4059,0.000347126
4060,0.000346783
4061,0.000346456
4062,0.000346147
4063,0.000345855
4064,0.000345582
4065,0.000345327
4066,0.000345091
4067,0.000344875
4068,0.000344679
4069,0.000344504
4070,0.00034435
4071,0.000344207
4072,0.000344087
4073,0.000344
4074,0.000343937
4075,0.000343898
4076,0.000343904
4077,0.000343925
4078,0.000343952
4079,0.000344016
4080,0.000344076
4081,0.000344174
4082,0.00034431
4083,0.000344485
4084,0.000344679
4085,0.000344932
4086,0.000345226
4087,0.000345471
4088,0.000345818
4089,0.000346147
4090,0.000346549
4091,0.000346994
4092,0.000347463
4093,0.000347977
4094,0.000348455
4095,0.000349039
4096,0.000349609
4097,0.000350266
4098,0.000350949
4099,0.00035164
4100,0.000352389
4101,0.000353177
4102,0.000353984
4103,0.00035489
4104,0.000355827
4105,0.00035678
4106,0.000357754
4107,0.000358789
4108,0.000359867
4109,0.000360988
4110,0.000362151
4111,0.000363358
4112,0.000364617
4113,0.000365911
4114,0.000367259
4115,0.000368681
4116,0.000370142
4117,0.000371639
4118,0.000373161
4119,0.000374789
4120,0.00037643
4121,0.000378097
4122,0.000379812
4123,0.000381574
4124,0.000383403
4125,0.000385264
4126,0.000387173
4127,0.000389129
4128,0.000391135
4129,0.000393189
4130,0.000395293
4131,0.000397445
4132,0.000399646
4133,0.000401897
4134,0.000404197
4135,0.000406546
4136,0.000408943
4137,0.00041139
4138,0.000413885
4139,0.000416429
4140,0.000419021
4141,0.000421662
4142,0.000424351
4143,0.000427069
4144,0.000429908
4145,0.000432738
4146,0.000435615
4147,0.000438539
4148,0.000441508
4149,0.000444524
4150,0.000447549
4151,0.000450661
4152,0.000453786
4153,0.000456997
4154,0.000460251
4155,0.000463547
4156,0.000466856
4157,0.000470237
4158,0.00047361
4159,0.000477073
4160,0.000480556
4161,0.000484088
4162,0.000487648
4163,0.000491257
4164,0.000494902
4165,0.000498583
4166,0.0005023
4167,0.000506051
4168,0.000509836
4169,0.000513654
4170,0.000517503
4171,0.000521384
4172,0.000525294
4173,0.000529233
4174,0.0005332
4175,0.000537195
4176,0.000541215
4177,0.00054526
4178,0.00054933
4179,0.000553422
4180,0.000557536
4181,0.000561671
4182,0.000565825
4183,0.000569998
4184,0.000574188
4185,0.000578395
4186,0.000582617
4187,0.000586853
4188,0.000591101
4189,0.000595363
4190,0.000599635
4191,0.000603917
4192,0.000608208
4193,0.000612507
4194,0.000616812
4195,0.000621123
4196,0.000625439
4197,0.000629759
4198,0.000634083
4199,0.000638409
4200,0.000642736
4201,0.000647063
4202,0.00065139
4203,0.000655717
4204,0.000660042
4205,0.000664366
4206,0.000668688
4207,0.000673007
4208,0.000677323
4209,0.000681635
4210,0.000685943
4211,0.000690247
4212,0.000694547
4213,0.000698843
4214,0.000703135
4215,0.000707424
4216,0.000711709
4217,0.000715991
4218,0.000720269
4219,0.000724545
4220,0.000728819
4221,0.000733082
4222,0.000737353
4223,0.000741605
4224,0.000745878
4225,0.000750163
4226,0.000754431
4227,0.000758719
4228,0.000763031
4229,0.000767281
4230,0.00077157
4231,0.000775848
4232,0.000780169
4233,0.000784535
4234,0.000788897
4235,0.000793367
4236,0.000797749
4237,0.000802185
4238,0.000806634
4239,0.000811131
4240,0.000815647
4241,0.000820207
4242,0.000824795
4243,0.000829462
4244,0.000834127
4245,0.000838857
4246,0.000843625
4247,0.000848453
4248,0.000853346
4249,0.000858304
4250,0.000863364
4251,0.000868437
4252,0.000873572
4253,0.000878778
4254,0.000884018
4255,0.000889325
4256,0.000894764
4257,0.000900256
4258,0.000905845
4259,0.000911516
4260,0.00091728
4261,0.000923169
4262,0.000929197
4263,0.000935268
4264,0.000941474
4265,0.000947749
4266,0.000954175
4267,0.000960698
4268,0.000967309
4269,0.000974068
4270,0.000980948
4271,0.000987951
4272,0.000995079
4273,0.00100233
4274,0.00100972
4275,0.00101723
4276,0.00102487
4277,0.00103265
4278,0.00104055
4279,0.00104859
4280,0.00105676
4281,0.00106506
4282,0.00107349
4283,0.00108205
4284,0.00109074
4285,0.00109955
4286,0.00110849
4287,0.00111755
4288,0.00112673
4289,0.00113603
4290,0.00114544
4291,0.00115495
4292,0.00116457
4293,0.00117429
4294,0.0011841
4295,0.001194
4296,0.00120398
4297,0.00121403
4298,0.00122415
4299,0.00123433
4300,0.00124456
4301,0.00125484
4302,0.00126515
4303,0.00127548
4304,0.00128583
4305,0.00129619
4306,0.00130654
4307,0.00131688
4308,0.00132719
4309,0.00133746
4310,0.00134768
4311,0.00135784
4312,0.00136792
4313,0.00137791
4314,0.0013878
4315,0.00139758
4316,0.00140723
4317,0.00141674
4318,0.0014261
4319,0.00143529
4320,0.0014443
4321,0.00145311
4322,0.00146172
4323,0.0014701
4324,0.00147824
4325,0.00148614
4326,0.00149378
4327,0.00150115
4328,0.00150822
4329,0.001515
4330,0.00152147
4331,0.00152761
4332,0.00153341
4333,0.00153888
4334,0.00154398
4335,0.00154873
4336,0.0015531
4337,0.0015571
4338,0.00156069
4339,0.00156389
4340,0.00156667
4341,0.00156901
4342,0.00157099
4343,0.00157251
4344,0.00157362
4345,0.00157431
4346,0.00157458
4347,0.00157445
4348,0.00157386
4349,0.00157283
4350,0.00157137
4351,0.0015695
4352,0.0015672
4353,0.00156452
4354,0.00156141
4355,0.00155785
4356,0.0015539
4357,0.00154961
4358,0.00154492
4359,0.0015398
4360,0.00153431
4361,0.00152846
4362,0.00152227
4363,0.00151572
4364,0.00150887
4365,0.00150167
4366,0.00149418
4367,0.00148635
4368,0.00147825
4369,0.00146987
4370,0.00146129
4371,0.00145241
4372,0.00144334
4373,0.00143404
4374,0.00142451
4375,0.00141481
4376,0.00140493
4377,0.00139488
4378,0.0013847
4379,0.00137437
4380,0.00136391
4381,0.00135335
4382,0.0013427
4383,0.00133198
4384,0.00132119
4385,0.00131035
4386,0.00129946
4387,0.00128855
4388,0.00127763
4389,0.0012667
4390,0.00125577
4391,0.00124487
4392,0.00123399
4393,0.00122315
4394,0.00121236
4395,0.00120163
4396,0.00119097
4397,0.00118037
4398,0.00116986
4399,0.00115944
4400,0.00114912
4401,0.0011389
4402,0.0011288
4403,0.00111881
4404,0.00110889
4405,0.00109913
4406,0.00108949
4407,0.00108
4408,0.00107065
4409,0.00106144
4410,0.00105237
4411,0.00104345
4412,0.00103468
4413,0.00102605
4414,0.00101758
4415,0.00100925
4416,0.00100107
4417,0.00099304
4418,0.000985161
4419,0.000977431
4420,0.00096985
4421,0.000962416
4422,0.000955128
4423,0.000947984
4424,0.000940982
4425,0.000934119
4426,0.000927394
4427,0.000920804
4428,0.000914346
4429,0.000908018
4430,0.000901815
4431,0.000895736
4432,0.000889777
4433,0.000883934
4434,0.000878205
4435,0.000872585
4436,0.000867071
4437,0.000861659
4438,0.000856345
4439,0.000851126
4440,0.000845998
4441,0.000840955
4442,0.000835995
4443,0.000831113
4444,0.000826307
4445,0.000821571
4446,0.000816901
4447,0.000812294
4448,0.000807746
4449,0.000803254
4450,0.000798812
4451,0.000794419
4452,0.000790069
4453,0.000785759
4454,0.000781487
4455,0.000777248
4456,0.00077304
4457,0.000768858
4458,0.0007647
4459,0.000760588
4460,0.000756468
4461,0.000752364
4462,0.000748278
4463,0.000744213
4464,0.000740138
4465,0.000736074
4466,0.000732026
4467,0.000727959
4468,0.000723958
4469,0.000719883
4470,0.000715804
4471,0.000711719
4472,0.000707627
4473,0.000703525
4474,0.000699435
4475,0.00069531
4476,0.000691173
4477,0.000687009
4478,0.000682785
4479,0.000678607
4480,0.000674374
4481,0.000670203
4482,0.000666006
4483,0.000661782
4484,0.000657549
4485,0.000653289
4486,0.000649004
4487,0.000644692
4488,0.000640353
4489,0.000636006
4490,0.000631666
4491,0.000627322
4492,0.000622887
4493,0.000618474
4494,0.000614013
4495,0.000609568
4496,0.000605129
4497,0.000600679
4498,0.000596219
4499,0.000591701
4500,0.000587253
4501,0.000582737
4502,0.000578212
4503,0.000573691
4504,0.000569145
4505,0.000564604
4506,0.00056011
4507,0.000555544
4508,0.000551017
4509,0.000546471
4510,0.000541927
4511,0.000537406
4512,0.000532889
4513,0.000528378
4514,0.000523875
4515,0.00051938
4516,0.000514895
4517,0.000510422
4518,0.000505961
4519,0.000501513
4520,0.00049708
4521,0.000492663
4522,0.000488263
4523,0.000483883
4524,0.000479523
4525,0.000475184
4526,0.000470868
4527,0.000466576
4528,0.000462309
4529,0.000458068
4530,0.000453855
4531,0.00044966
4532,0.000445524
4533,0.00044141
4534,0.000437317
4535,0.000433248
4536,0.000429221
4537,0.00042526
4538,0.000421274
4539,0.000417355
4540,0.000413463
4541,0.000409649
4542,0.000405869
4543,0.0004021
4544,0.000398381
4545,0.000394703
4546,0.000391088
4547,0.000387482
4548,0.000383959
4549,0.000380459
4550,0.000376965
4551,0.000373615
4552,0.000370278
4553,0.000366957
4554,0.000363674
4555,0.000360468
4556,0.00035728
4557,0.000354171
4558,0.000351131
4559,0.00034808
4560,0.000345088
4561,0.000342176
4562,0.000339313
4563,0.000336481
4564,0.00033371
4565,0.000330989
4566,0.000328329
4567,0.000325749
4568,0.000323171
4569,0.000320614
4570,0.000318169
4571,0.000315745
4572,0.000313422
4573,0.0003111
4574,0.00030884
4575,0.000306601
4576,0.000304464
4577,0.000302348
4578,0.000300273
4579,0.00029827
4580,0.000296308
4581,0.000294397
4582,0.000292537
4583,0.000290738
4584,0.00028899
4585,0.000287292
4586,0.000285644
4587,0.000284046
4588,0.000282499
4589,0.000281002
4590,0.000279555
4591,0.000278157
4592,0.000276808
4593,0.000275508
4594,0.000274257
4595,0.000273055
4596,0.000271901
4597,0.000270795
4598,0.000269736
4599,0.000268726
4600,0.000267754
4601,0.000266844
4602,0.000265921
4603,0.000265124
4604,0.000264333
4605,0.000263608
4606,0.00026291
4607,0.000262267
4608,0.00026168
4609,0.000261138
4610,0.000260642
4611,0.000260191
4612,0.000259784
4613,0.000259433
4614,0.000259126
4615,0.000258854
4616,0.000258638
4617,0.000258465
4618,0.000258325
4619,0.000258232
4620,0.000258215
4621,0.00025818
4622,0.000258189
4623,0.000258271
4624,0.000258398
4625,0.00025855
4626,0.000258755
4627,0.000259014
4628,0.000259319
4629,0.00025969
4630,0.000260083
4631,0.000260521
4632,0.000261004
4633,0.000261532
4634,0.000262139
4635,0.000262758
4636,0.000263424
4637,0.000264137
4638,0.000264897
4639,0.000265704
4640,0.00026656
4641,0.000267497
4642,0.000268449
4643,0.000269422
4644,0.000270487
4645,0.000271554
4646,0.000272712
4647,0.000273923
4648,0.00027517
4649,0.000276503
4650,0.000277851
4651,0.000279275
4652,0.000280756
4653,0.000282295
4654,0.000283914
4655,0.000285593
4656,0.000287325
4657,0.00028916
4658,0.000291014
4659,0.000292934
4660,0.000294922
4661,0.00029698
4662,0.000299109
4663,0.000301311
4664,0.000303592
4665,0.000305889
4666,0.000308315
4667,0.000310842
4668,0.000313431
4669,0.000316106
4670,0.000318859
4671,0.000321722
4672,0.000324678
4673,0.000327729
4674,0.000330868
4675,0.000334118
4676,0.000337491
4677,0.000341001
4678,0.000344551
4679,0.000348215
4680,0.000352016
4681,0.000355977
4682,0.000360022
4683,0.000364194
4684,0.000368539
4685,0.000372976
4686,0.000377563
4687,0.000382284
4688,0.000387164
4689,0.000392198
4690,0.000397389
4691,0.000402742
4692,0.000408264
4693,0.000413957
4694,0.000419838
4695,0.000425891
4696,0.000432142
4697,0.000438567
4698,0.000445211
4699,0.000452018
4700,0.000459066
4701,0.000466321
4702,0.000473807
4703,0.000481531
4704,0.000489489
4705,0.000497686
4706,0.000506121
4707,0.000514828
4708,0.000523781
4709,0.000533001
4710,0.000542494
4711,0.000552267
4712,0.000562326
4713,0.000572688
4714,0.00058334
4715,0.000594289
4716,0.000605559
4717,0.000617129
4718,0.000629044
4719,0.000641331
4720,0.000653925
4721,0.000666874
4722,0.000680173
4723,0.000693859
4724,0.000707849
4725,0.000722217
4726,0.000736916
4727,0.000752032
4728,0.000767519
4729,0.000783391
4730,0.000799661
4731,0.000816333
4732,0.000833379
4733,0.000850821
4734,0.00086867
4735,0.000886907
4736,0.000905544
4737,0.000924589
4738,0.000944031
4739,0.00096386
4740,0.00098409
4741,0.00100471
4742,0.00102571
4743,0.00104709
4744,0.00106887
4745,0.00109099
4746,0.00111347
4747,0.00113626
4748,0.00115944
4749,0.00118287
4750,0.00120665
4751,0.00123075
4752,0.0012551
4753,0.00127975
4754,0.0013046
4755,0.00132968
4756,0.00135495
4757,0.00138039
4758,0.00140598
4759,0.0014317
4760,0.0014575
4761,0.00148338
4762,0.00150928
4763,0.00153519
4764,0.00156106
4765,0.00158686
4766,0.00161257
4767,0.00163813
4768,0.00166351
4769,0.00168867
4770,0.00171357
4771,0.00173817
4772,0.00176242
4773,0.00178629
4774,0.00180972
4775,0.00183269
4776,0.00185513
4777,0.00187702
4778,0.00189829
4779,0.00191892
4780,0.00193885
4781,0.00195805
4782,0.00197647
4783,0.00199407
4784,0.00201081
4785,0.00202666
4786,0.00204157
4787,0.00205551
4788,0.00206845
4789,0.00208035
4790,0.00209118
4791,0.00210093
4792,0.00210955
4793,0.00211703
4794,0.00212335
4795,0.00212849
4796,0.00213244
4797,0.00213519
4798,0.00213672
4799,0.00213704
4800,0.00213614
4801,0.00213403
4802,0.0021307
4803,0.00212616
4804,0.00212042
4805,0.00211354
4806,0.00210547
4807,0.00209622
4808,0.00208582
4809,0.00207435
4810,0.00206174
4811,0.00204816
4812,0.00203351
4813,0.00201787
4814,0.00200126
4815,0.00198375
4816,0.0019654
4817,0.00194618
4818,0.00192619
4819,0.00190545
4820,0.00188397
4821,0.00186186
4822,0.00183913
4823,0.00181582
4824,0.001792
4825,0.00176764
4826,0.00174284
4827,0.00171765
4828,0.00169208
4829,0.00166617
4830,0.00164002
4831,0.0016137
4832,0.0015871
4833,0.00156036
4834,0.00153352
4835,0.00150659
4836,0.00147963
4837,0.00145266
4838,0.00142568
4839,0.00139881
4840,0.00137202
4841,0.00134537
4842,0.00131887
4843,0.00129254
4844,0.00126641
4845,0.00124052
4846,0.00121488
4847,0.00118948
4848,0.00116435
4849,0.00113953
4850,0.00111505
4851,0.00109089
4852,0.00106709
4853,0.00104364
4854,0.00102056
4855,0.000997857
4856,0.000975544
4857,0.000953637
4858,0.000932131
4859,0.000911011
4860,0.000890333
4861,0.00087004
4862,0.000850184
4863,0.000830757
4864,0.000811799
4865,0.000793195
4866,0.000775011
4867,0.000757245
4868,0.000739895
4869,0.000722959
4870,0.000706435
4871,0.000690319
4872,0.000674608
4873,0.000659296
4874,0.00064438
4875,0.000629855
4876,0.000615715
4877,0.000601955
4878,0.000588569
4879,0.000575552
4880,0.000562899
4881,0.000550601
4882,0.000538655
4883,0.000527051
4884,0.000515785
4885,0.000504848
4886,0.000494236
4887,0.00048394
4888,0.000473954
4889,0.000464272
4890,0.000454886
4891,0.000445791
4892,0.000436979
4893,0.000428445
4894,0.00042018
4895,0.000412178
4896,0.000404435
4897,0.000396942
4898,0.000389694
4899,0.000382685
4900,0.000375908
4901,0.000369358
4902,0.000363028
4903,0.000356914
4904,0.000351001
4905,0.000345288
4906,0.000339772
4907,0.00033448
4908,0.000329327
4909,0.000324386
4910,0.000319623
4911,0.000315044
4912,0.000310634
4913,0.00030639
4914,0.000302307
4915,0.000298381
4916,0.000294607
4917,0.000290983
4918,0.000287504
4919,0.000284167
4920,0.000280967
4921,0.000277904
4922,0.000274972
4923,0.000272169
4924,0.000269492
4925,0.000266939
4926,0.000264506
4927,0.000262192
4928,0.000259994
4929,0.000257911
4930,0.000255939
4931,0.000254077
4932,0.000252323
4933,0.000250675
4934,0.000249133
4935,0.000247695
4936,0.000246358
4937,0.000245123
4938,0.000243987
4939,0.000242949
4940,0.00024201
4941,0.000241167
4942,0.000240421
4943,0.000239771
4944,0.000239216
4945,0.000238756
4946,0.000238391
4947,0.000238121
4948,0.000237946
4949,0.000237866
4950,0.000237881
4951,0.000237992
4952,0.000238199
4953,0.000238503
4954,0.000238894
4955,0.000239383
4956,0.000239982
4957,0.00024068
4958,0.0002415
4959,0.000242392
4960,0.000243378
4961,0.000244509
4962,0.000245726
4963,0.000247052
4964,0.000248499
4965,0.000250058
4966,0.000251721
4967,0.00025357
4968,0.000255509
4969,0.00025754
4970,0.000259715
4971,0.000262
4972,0.000264421
4973,0.000267017
4974,0.000269711
4975,0.000272536
4976,0.000275502
4977,0.000278595
4978,0.000281846
4979,0.000285271
4980,0.000288863
4981,0.000292586
4982,0.000296493
4983,0.00030058
4984,0.00030482
4985,0.000309258
4986,0.000313887
4987,0.000318693
4988,0.000323649
4989,0.000328842
4990,0.000334215
4991,0.000339795
4992,0.000345595
4993,0.000351632
4994,0.000357881
4995,0.000364337
4996,0.000371025
4997,0.000377961
4998,0.000385121
4999,0.00039255
5000,0.000400195
